[
{
    "fields": {
        "name": "Moderators",
        "permissions": [
            [
                "access_admin",
                "wagtailadmin",
                "admin"
            ],
            [
                "add_document",
                "wagtaildocs",
                "document"
            ],
            [
                "change_document",
                "wagtaildocs",
                "document"
            ],
            [
                "delete_document",
                "wagtaildocs",
                "document"
            ],
            [
                "add_image",
                "wagtailimages",
                "image"
            ],
            [
                "change_image",
                "wagtailimages",
                "image"
            ],
            [
                "delete_image",
                "wagtailimages",
                "image"
            ]
        ]
    },
    "model": "auth.group",
    "pk": 1
},
{
    "fields": {
        "name": "Editors",
        "permissions": [
            [
                "access_admin",
                "wagtailadmin",
                "admin"
            ],
            [
                "add_document",
                "wagtaildocs",
                "document"
            ],
            [
                "change_document",
                "wagtaildocs",
                "document"
            ],
            [
                "delete_document",
                "wagtaildocs",
                "document"
            ],
            [
                "add_image",
                "wagtailimages",
                "image"
            ],
            [
                "change_image",
                "wagtailimages",
                "image"
            ],
            [
                "delete_image",
                "wagtailimages",
                "image"
            ]
        ]
    },
    "model": "auth.group",
    "pk": 2
},
{
    "fields": {
        "expire_date": "2015-07-29T19:14:20.017Z",
        "session_data": "MWQ2ZTg2MzZlYzU5ZjQ5NjBiY2NlM2Q3MThiNjYzYzMwYzdkMmJjOTp7fQ=="
    },
    "model": "sessions.session",
    "pk": "22sitdtk3kyigd5wr7727zjie1mi5113"
},
{
    "fields": {
        "expire_date": "2015-07-31T19:02:35.807Z",
        "session_data": "YTg1MGMwOTMyOWViYjU4OWU5MjcxNDdmMDZhN2FmNTliYzFkNzBiYTp7fQ=="
    },
    "model": "sessions.session",
    "pk": "595j0wiilp3nkuwn58f8jceldzl546xe"
},
{
    "fields": {
        "expire_date": "2015-07-31T16:59:56.801Z",
        "session_data": "YTg1MGMwOTMyOWViYjU4OWU5MjcxNDdmMDZhN2FmNTliYzFkNzBiYTp7fQ=="
    },
    "model": "sessions.session",
    "pk": "9jnfb0f5ftagj5ghj7oatxbmbr1c07s7"
},
{
    "fields": {
        "expire_date": "2015-07-31T19:16:21.472Z",
        "session_data": "YTg1MGMwOTMyOWViYjU4OWU5MjcxNDdmMDZhN2FmNTliYzFkNzBiYTp7fQ=="
    },
    "model": "sessions.session",
    "pk": "gvry8h8lp1747ox5d21nrtu7cggh4ksz"
},
{
    "fields": {
        "expire_date": "2015-07-17T17:00:34.069Z",
        "session_data": "MjFjNDBhNDgyMDA4MWRjMjJjZmI2MDZmNDMzNTFjNzg0MTgwYjA0MDp7Il9hdXRoX3VzZXJfYmFja2VuZCI6ImRqYW5nby5jb250cmliLmF1dGguYmFja2VuZHMuTW9kZWxCYWNrZW5kIiwiX2F1dGhfdXNlcl9pZCI6IjEiLCJfYXV0aF91c2VyX2hhc2giOiI4ZDEzMTRhMjFjNGRlZjE1ZTA4YWU5ZGRhZmFmYzRlYmIyZGY2NjMyIn0="
    },
    "model": "sessions.session",
    "pk": "nhbtkeywwiria9hpae6q68vq4qdwi4vi"
},
{
    "fields": {
        "is_default_site": true,
        "root_page": 3,
        "hostname": "localhost",
        "port": 80
    },
    "model": "wagtailcore.site",
    "pk": 2
},
{
    "fields": {
        "group": [
            "Moderators"
        ],
        "page": 1,
        "permission_type": "add"
    },
    "model": "wagtailcore.grouppagepermission",
    "pk": 1
},
{
    "fields": {
        "group": [
            "Moderators"
        ],
        "page": 1,
        "permission_type": "edit"
    },
    "model": "wagtailcore.grouppagepermission",
    "pk": 2
},
{
    "fields": {
        "group": [
            "Moderators"
        ],
        "page": 1,
        "permission_type": "publish"
    },
    "model": "wagtailcore.grouppagepermission",
    "pk": 3
},
{
    "fields": {
        "group": [
            "Editors"
        ],
        "page": 1,
        "permission_type": "add"
    },
    "model": "wagtailcore.grouppagepermission",
    "pk": 4
},
{
    "fields": {
        "group": [
            "Editors"
        ],
        "page": 1,
        "permission_type": "edit"
    },
    "model": "wagtailcore.grouppagepermission",
    "pk": 5
},
{
    "fields": {
        "group": [
            "Moderators"
        ],
        "page": 1,
        "permission_type": "lock"
    },
    "model": "wagtailcore.grouppagepermission",
    "pk": 6
},
{
    "fields": {
        "spec": "max-130x100"
    },
    "model": "wagtailimages.filter",
    "pk": 1
},
{
    "fields": {
        "spec": "width-350"
    },
    "model": "wagtailimages.filter",
    "pk": 2
},
{
    "fields": {
        "spec": "max-130x130"
    },
    "model": "wagtailimages.filter",
    "pk": 3
},
{
    "fields": {
        "spec": "max-165x165"
    },
    "model": "wagtailimages.filter",
    "pk": 4
},
{
    "fields": {
        "spec": "width=350"
    },
    "model": "wagtailimages.filter",
    "pk": 5
},
{
    "fields": {
        "spec": "width-400"
    },
    "model": "wagtailimages.filter",
    "pk": 6
},
{
    "fields": {
        "spec": "width-150"
    },
    "model": "wagtailimages.filter",
    "pk": 7
},
{
    "fields": {
        "spec": "width-463"
    },
    "model": "wagtailimages.filter",
    "pk": 8
},
{
    "fields": {
        "spec": "width-280"
    },
    "model": "wagtailimages.filter",
    "pk": 9
},
{
    "fields": {
        "spec": "class=\"member-avatar\""
    },
    "model": "wagtailimages.filter",
    "pk": 10
},
{
    "fields": {
        "spec": "class=\"memberavatar\""
    },
    "model": "wagtailimages.filter",
    "pk": 11
},
{
    "fields": {
        "spec": "original"
    },
    "model": "wagtailimages.filter",
    "pk": 12
},
{
    "fields": {
        "spec": "width-118"
    },
    "model": "wagtailimages.filter",
    "pk": 13
},
{
    "fields": {
        "spec": "width-130"
    },
    "model": "wagtailimages.filter",
    "pk": 14
},
{
    "fields": {
        "spec": "max-800x600"
    },
    "model": "wagtailimages.filter",
    "pk": 15
},
{
    "fields": {
        "spec": "width-50"
    },
    "model": "wagtailimages.filter",
    "pk": 16
},
{
    "fields": {
        "spec": "fill-50x40"
    },
    "model": "wagtailimages.filter",
    "pk": 17
},
{
    "fields": {
        "spec": "height-40"
    },
    "model": "wagtailimages.filter",
    "pk": 18
},
{
    "fields": {
        "spec": "height-50"
    },
    "model": "wagtailimages.filter",
    "pk": 19
},
{
    "fields": {
        "spec": "height-30"
    },
    "model": "wagtailimages.filter",
    "pk": 20
},
{
    "fields": {
        "spec": "width-200"
    },
    "model": "wagtailimages.filter",
    "pk": 21
},
{
    "fields": {
        "height": 100,
        "filter": 1,
        "width": 100,
        "image": 1,
        "focal_point_key": "",
        "file": "images/manager3-white.max-130x100.png"
    },
    "model": "wagtailimages.rendition",
    "pk": 1
},
{
    "fields": {
        "height": 350,
        "filter": 2,
        "width": 350,
        "image": 1,
        "focal_point_key": "",
        "file": "images/manager3-white.width-350.png"
    },
    "model": "wagtailimages.rendition",
    "pk": 2
},
{
    "fields": {
        "height": 130,
        "filter": 3,
        "width": 130,
        "image": 1,
        "focal_point_key": "",
        "file": "images/manager3-white.max-130x130.png"
    },
    "model": "wagtailimages.rendition",
    "pk": 3
},
{
    "fields": {
        "height": 165,
        "filter": 4,
        "width": 165,
        "image": 1,
        "focal_point_key": "",
        "file": "images/manager3-white.max-165x165.png"
    },
    "model": "wagtailimages.rendition",
    "pk": 4
},
{
    "fields": {
        "height": 100,
        "filter": 1,
        "width": 100,
        "image": 2,
        "focal_point_key": "",
        "file": "images/manager3-white_jBy5cNn.max-130x100.png"
    },
    "model": "wagtailimages.rendition",
    "pk": 5
},
{
    "fields": {
        "height": 350,
        "filter": 2,
        "width": 350,
        "image": 2,
        "focal_point_key": "",
        "file": "images/manager3-white_jBy5cNn.width-350.png"
    },
    "model": "wagtailimages.rendition",
    "pk": 6
},
{
    "fields": {
        "height": 130,
        "filter": 3,
        "width": 130,
        "image": 2,
        "focal_point_key": "",
        "file": "images/manager3-white_jBy5cNn.max-130x130.png"
    },
    "model": "wagtailimages.rendition",
    "pk": 7
},
{
    "fields": {
        "height": 165,
        "filter": 4,
        "width": 165,
        "image": 2,
        "focal_point_key": "",
        "file": "images/manager3-white_jBy5cNn.max-165x165.png"
    },
    "model": "wagtailimages.rendition",
    "pk": 8
},
{
    "fields": {
        "height": 100,
        "filter": 1,
        "width": 100,
        "image": 3,
        "focal_point_key": "",
        "file": "images/wrenches8-white.max-130x100.png"
    },
    "model": "wagtailimages.rendition",
    "pk": 9
},
{
    "fields": {
        "height": 165,
        "filter": 4,
        "width": 165,
        "image": 3,
        "focal_point_key": "",
        "file": "images/wrenches8-white.max-165x165.png"
    },
    "model": "wagtailimages.rendition",
    "pk": 10
},
{
    "fields": {
        "height": 100,
        "filter": 1,
        "width": 100,
        "image": 4,
        "focal_point_key": "",
        "file": "images/mind-white.max-130x100.png"
    },
    "model": "wagtailimages.rendition",
    "pk": 11
},
{
    "fields": {
        "height": 165,
        "filter": 4,
        "width": 165,
        "image": 4,
        "focal_point_key": "",
        "file": "images/mind-white.max-165x165.png"
    },
    "model": "wagtailimages.rendition",
    "pk": 12
},
{
    "fields": {
        "height": 100,
        "filter": 1,
        "width": 100,
        "image": 5,
        "focal_point_key": "",
        "file": "images/familiar17-white.max-130x100.png"
    },
    "model": "wagtailimages.rendition",
    "pk": 13
},
{
    "fields": {
        "height": 130,
        "filter": 3,
        "width": 130,
        "image": 3,
        "focal_point_key": "",
        "file": "images/wrenches8-white.max-130x130.png"
    },
    "model": "wagtailimages.rendition",
    "pk": 14
},
{
    "fields": {
        "height": 130,
        "filter": 3,
        "width": 130,
        "image": 4,
        "focal_point_key": "",
        "file": "images/mind-white.max-130x130.png"
    },
    "model": "wagtailimages.rendition",
    "pk": 15
},
{
    "fields": {
        "height": 125,
        "filter": 3,
        "width": 125,
        "image": 5,
        "focal_point_key": "",
        "file": "images/familiar17-white.max-130x130.png"
    },
    "model": "wagtailimages.rendition",
    "pk": 16
},
{
    "fields": {
        "height": 350,
        "filter": 2,
        "width": 350,
        "image": 3,
        "focal_point_key": "",
        "file": "images/wrenches8-white.width-350.png"
    },
    "model": "wagtailimages.rendition",
    "pk": 17
},
{
    "fields": {
        "height": 125,
        "filter": 6,
        "width": 125,
        "image": 5,
        "focal_point_key": "",
        "file": "images/familiar17-white.width-400.png"
    },
    "model": "wagtailimages.rendition",
    "pk": 18
},
{
    "fields": {
        "height": 125,
        "filter": 4,
        "width": 125,
        "image": 5,
        "focal_point_key": "",
        "file": "images/familiar17-white.max-165x165.png"
    },
    "model": "wagtailimages.rendition",
    "pk": 19
},
{
    "fields": {
        "height": 100,
        "filter": 1,
        "width": 100,
        "image": 6,
        "focal_point_key": "",
        "file": "images/mind-white_NLUpCkK.max-130x100.png"
    },
    "model": "wagtailimages.rendition",
    "pk": 20
},
{
    "fields": {
        "height": 165,
        "filter": 4,
        "width": 165,
        "image": 6,
        "focal_point_key": "",
        "file": "images/mind-white_NLUpCkK.max-165x165.png"
    },
    "model": "wagtailimages.rendition",
    "pk": 21
},
{
    "fields": {
        "height": 100,
        "filter": 1,
        "width": 100,
        "image": 7,
        "focal_point_key": "",
        "file": "images/brain.max-130x100.png"
    },
    "model": "wagtailimages.rendition",
    "pk": 22
},
{
    "fields": {
        "height": 400,
        "filter": 6,
        "width": 400,
        "image": 7,
        "focal_point_key": "",
        "file": "images/brain.width-400.png"
    },
    "model": "wagtailimages.rendition",
    "pk": 23
},
{
    "fields": {
        "height": 400,
        "filter": 6,
        "width": 400,
        "image": 4,
        "focal_point_key": "",
        "file": "images/mind-white.width-400.png"
    },
    "model": "wagtailimages.rendition",
    "pk": 24
},
{
    "fields": {
        "height": 130,
        "filter": 3,
        "width": 130,
        "image": 7,
        "focal_point_key": "",
        "file": "images/brain.max-130x130.png"
    },
    "model": "wagtailimages.rendition",
    "pk": 25
},
{
    "fields": {
        "height": 165,
        "filter": 4,
        "width": 165,
        "image": 7,
        "focal_point_key": "",
        "file": "images/brain.max-165x165.png"
    },
    "model": "wagtailimages.rendition",
    "pk": 26
},
{
    "fields": {
        "height": 93,
        "filter": 1,
        "width": 130,
        "image": 8,
        "focal_point_key": "",
        "file": "images/familiar17-white_LYHZnAB.max-130x100.png"
    },
    "model": "wagtailimages.rendition",
    "pk": 27
},
{
    "fields": {
        "height": 287,
        "filter": 6,
        "width": 400,
        "image": 8,
        "focal_point_key": "",
        "file": "images/familiar17-white_LYHZnAB.width-400.png"
    },
    "model": "wagtailimages.rendition",
    "pk": 28
},
{
    "fields": {
        "height": 118,
        "filter": 4,
        "width": 165,
        "image": 8,
        "focal_point_key": "",
        "file": "images/familiar17-white_LYHZnAB.max-165x165.png"
    },
    "model": "wagtailimages.rendition",
    "pk": 29
},
{
    "fields": {
        "height": 100,
        "filter": 1,
        "width": 74,
        "image": 9,
        "focal_point_key": "",
        "file": "images/zoom-32566804-3.max-130x100.jpg"
    },
    "model": "wagtailimages.rendition",
    "pk": 30
},
{
    "fields": {
        "height": 165,
        "filter": 4,
        "width": 123,
        "image": 9,
        "focal_point_key": "",
        "file": "images/zoom-32566804-3.max-165x165.jpg"
    },
    "model": "wagtailimages.rendition",
    "pk": 31
},
{
    "fields": {
        "height": 100,
        "filter": 1,
        "width": 55,
        "image": 10,
        "focal_point_key": "",
        "file": "images/Robot.max-130x100.png"
    },
    "model": "wagtailimages.rendition",
    "pk": 32
},
{
    "fields": {
        "height": 270,
        "filter": 7,
        "width": 150,
        "image": 10,
        "focal_point_key": "",
        "file": "images/Robot.width-150.png"
    },
    "model": "wagtailimages.rendition",
    "pk": 33
},
{
    "fields": {
        "height": 617,
        "filter": 8,
        "width": 463,
        "image": 9,
        "focal_point_key": "",
        "file": "images/zoom-32566804-3.width-463.jpg"
    },
    "model": "wagtailimages.rendition",
    "pk": 34
},
{
    "fields": {
        "height": 130,
        "filter": 3,
        "width": 72,
        "image": 10,
        "focal_point_key": "",
        "file": "images/Robot.max-130x130.png"
    },
    "model": "wagtailimages.rendition",
    "pk": 35
},
{
    "fields": {
        "height": 130,
        "filter": 3,
        "width": 97,
        "image": 9,
        "focal_point_key": "",
        "file": "images/zoom-32566804-3.max-130x130.jpg"
    },
    "model": "wagtailimages.rendition",
    "pk": 36
},
{
    "fields": {
        "height": 165,
        "filter": 4,
        "width": 91,
        "image": 10,
        "focal_point_key": "",
        "file": "images/Robot.max-165x165.png"
    },
    "model": "wagtailimages.rendition",
    "pk": 37
},
{
    "fields": {
        "height": 100,
        "filter": 1,
        "width": 100,
        "image": 11,
        "focal_point_key": "",
        "file": "images/premium1-white.max-130x100.png"
    },
    "model": "wagtailimages.rendition",
    "pk": 38
},
{
    "fields": {
        "height": 280,
        "filter": 9,
        "width": 280,
        "image": 11,
        "focal_point_key": "",
        "file": "images/premium1-white.width-280.png"
    },
    "model": "wagtailimages.rendition",
    "pk": 39
},
{
    "fields": {
        "height": 165,
        "filter": 4,
        "width": 165,
        "image": 11,
        "focal_point_key": "",
        "file": "images/premium1-white.max-165x165.png"
    },
    "model": "wagtailimages.rendition",
    "pk": 40
},
{
    "fields": {
        "height": 100,
        "filter": 1,
        "width": 86,
        "image": 12,
        "focal_point_key": "",
        "file": "images/man1.max-130x100.png"
    },
    "model": "wagtailimages.rendition",
    "pk": 41
},
{
    "fields": {
        "height": 137,
        "filter": 12,
        "width": 118,
        "image": 12,
        "focal_point_key": "",
        "file": "images/man1.original.png"
    },
    "model": "wagtailimages.rendition",
    "pk": 42
},
{
    "fields": {
        "height": 137,
        "filter": 13,
        "width": 118,
        "image": 12,
        "focal_point_key": "",
        "file": "images/man1.width-118.png"
    },
    "model": "wagtailimages.rendition",
    "pk": 43
},
{
    "fields": {
        "height": 130,
        "filter": 3,
        "width": 111,
        "image": 12,
        "focal_point_key": "",
        "file": "images/man1.max-130x130.png"
    },
    "model": "wagtailimages.rendition",
    "pk": 44
},
{
    "fields": {
        "height": 137,
        "filter": 4,
        "width": 118,
        "image": 12,
        "focal_point_key": "",
        "file": "images/man1.max-165x165.png"
    },
    "model": "wagtailimages.rendition",
    "pk": 45
},
{
    "fields": {
        "height": 100,
        "filter": 1,
        "width": 80,
        "image": 13,
        "focal_point_key": "",
        "file": "images/man3.max-130x100.png"
    },
    "model": "wagtailimages.rendition",
    "pk": 46
},
{
    "fields": {
        "height": 145,
        "filter": 13,
        "width": 117,
        "image": 13,
        "focal_point_key": "",
        "file": "images/man3.width-118.png"
    },
    "model": "wagtailimages.rendition",
    "pk": 47
},
{
    "fields": {
        "height": 145,
        "filter": 12,
        "width": 117,
        "image": 13,
        "focal_point_key": "",
        "file": "images/man3.original.png"
    },
    "model": "wagtailimages.rendition",
    "pk": 48
},
{
    "fields": {
        "height": 130,
        "filter": 3,
        "width": 104,
        "image": 13,
        "focal_point_key": "",
        "file": "images/man3.max-130x130.png"
    },
    "model": "wagtailimages.rendition",
    "pk": 49
},
{
    "fields": {
        "height": 145,
        "filter": 4,
        "width": 117,
        "image": 13,
        "focal_point_key": "",
        "file": "images/man3.max-165x165.png"
    },
    "model": "wagtailimages.rendition",
    "pk": 50
},
{
    "fields": {
        "height": 100,
        "filter": 1,
        "width": 94,
        "image": 14,
        "focal_point_key": "",
        "file": "images/girl4.max-130x100.png"
    },
    "model": "wagtailimages.rendition",
    "pk": 51
},
{
    "fields": {
        "height": 108,
        "filter": 4,
        "width": 102,
        "image": 14,
        "focal_point_key": "",
        "file": "images/girl4.max-165x165.png"
    },
    "model": "wagtailimages.rendition",
    "pk": 52
},
{
    "fields": {
        "height": 100,
        "filter": 1,
        "width": 90,
        "image": 15,
        "focal_point_key": "",
        "file": "images/man4.max-130x100.png"
    },
    "model": "wagtailimages.rendition",
    "pk": 53
},
{
    "fields": {
        "height": 108,
        "filter": 14,
        "width": 102,
        "image": 14,
        "focal_point_key": "",
        "file": "images/girl4.width-130.png"
    },
    "model": "wagtailimages.rendition",
    "pk": 54
},
{
    "fields": {
        "height": 131,
        "filter": 14,
        "width": 118,
        "image": 15,
        "focal_point_key": "",
        "file": "images/man4.width-130.png"
    },
    "model": "wagtailimages.rendition",
    "pk": 55
},
{
    "fields": {
        "height": 108,
        "filter": 3,
        "width": 102,
        "image": 14,
        "focal_point_key": "",
        "file": "images/girl4.max-130x130.png"
    },
    "model": "wagtailimages.rendition",
    "pk": 56
},
{
    "fields": {
        "height": 130,
        "filter": 3,
        "width": 117,
        "image": 15,
        "focal_point_key": "",
        "file": "images/man4.max-130x130.png"
    },
    "model": "wagtailimages.rendition",
    "pk": 57
},
{
    "fields": {
        "height": 131,
        "filter": 4,
        "width": 118,
        "image": 15,
        "focal_point_key": "",
        "file": "images/man4.max-165x165.png"
    },
    "model": "wagtailimages.rendition",
    "pk": 58
},
{
    "fields": {
        "height": 100,
        "filter": 1,
        "width": 95,
        "image": 16,
        "focal_point_key": "",
        "file": "images/girl4_pS0wujc.max-130x100.png"
    },
    "model": "wagtailimages.rendition",
    "pk": 59
},
{
    "fields": {
        "height": 123,
        "filter": 4,
        "width": 117,
        "image": 16,
        "focal_point_key": "",
        "file": "images/girl4_pS0wujc.max-165x165.png"
    },
    "model": "wagtailimages.rendition",
    "pk": 60
},
{
    "fields": {
        "height": 100,
        "filter": 1,
        "width": 90,
        "image": 17,
        "focal_point_key": "",
        "file": "images/man4_CZlexBT.max-130x100.png"
    },
    "model": "wagtailimages.rendition",
    "pk": 61
},
{
    "fields": {
        "height": 123,
        "filter": 14,
        "width": 117,
        "image": 16,
        "focal_point_key": "",
        "file": "images/girl4_pS0wujc.width-130.png"
    },
    "model": "wagtailimages.rendition",
    "pk": 62
},
{
    "fields": {
        "height": 140,
        "filter": 14,
        "width": 126,
        "image": 17,
        "focal_point_key": "",
        "file": "images/man4_CZlexBT.width-130.png"
    },
    "model": "wagtailimages.rendition",
    "pk": 63
},
{
    "fields": {
        "height": 123,
        "filter": 3,
        "width": 117,
        "image": 16,
        "focal_point_key": "",
        "file": "images/girl4_pS0wujc.max-130x130.png"
    },
    "model": "wagtailimages.rendition",
    "pk": 64
},
{
    "fields": {
        "height": 130,
        "filter": 3,
        "width": 117,
        "image": 17,
        "focal_point_key": "",
        "file": "images/man4_CZlexBT.max-130x130.png"
    },
    "model": "wagtailimages.rendition",
    "pk": 65
},
{
    "fields": {
        "height": 140,
        "filter": 4,
        "width": 126,
        "image": 17,
        "focal_point_key": "",
        "file": "images/man4_CZlexBT.max-165x165.png"
    },
    "model": "wagtailimages.rendition",
    "pk": 66
},
{
    "fields": {
        "height": 100,
        "filter": 1,
        "width": 95,
        "image": 18,
        "focal_point_key": "",
        "file": "images/girl4_js7ezlY.max-130x100.png"
    },
    "model": "wagtailimages.rendition",
    "pk": 67
},
{
    "fields": {
        "height": 133,
        "filter": 14,
        "width": 127,
        "image": 18,
        "focal_point_key": "",
        "file": "images/girl4_js7ezlY.width-130.png"
    },
    "model": "wagtailimages.rendition",
    "pk": 68
},
{
    "fields": {
        "height": 133,
        "filter": 4,
        "width": 127,
        "image": 18,
        "focal_point_key": "",
        "file": "images/girl4_js7ezlY.max-165x165.png"
    },
    "model": "wagtailimages.rendition",
    "pk": 69
},
{
    "fields": {
        "height": 133,
        "filter": 12,
        "width": 127,
        "image": 18,
        "focal_point_key": "",
        "file": "images/girl4_js7ezlY.original.png"
    },
    "model": "wagtailimages.rendition",
    "pk": 70
},
{
    "fields": {
        "height": 133,
        "filter": 15,
        "width": 127,
        "image": 18,
        "focal_point_key": "",
        "file": "images/girl4_js7ezlY.max-800x600.png"
    },
    "model": "wagtailimages.rendition",
    "pk": 71
},
{
    "fields": {
        "height": 65,
        "filter": 1,
        "width": 50,
        "image": 19,
        "focal_point_key": "",
        "file": "images/smartphone94-white.max-130x100.png"
    },
    "model": "wagtailimages.rendition",
    "pk": 72
},
{
    "fields": {
        "height": 65,
        "filter": 4,
        "width": 50,
        "image": 19,
        "focal_point_key": "",
        "file": "images/smartphone94-white.max-165x165.png"
    },
    "model": "wagtailimages.rendition",
    "pk": 73
},
{
    "fields": {
        "height": 100,
        "filter": 1,
        "width": 94,
        "image": 20,
        "focal_point_key": "",
        "file": "images/email23-white.max-130x100.png"
    },
    "model": "wagtailimages.rendition",
    "pk": 74
},
{
    "fields": {
        "height": 165,
        "filter": 4,
        "width": 155,
        "image": 20,
        "focal_point_key": "",
        "file": "images/email23-white.max-165x165.png"
    },
    "model": "wagtailimages.rendition",
    "pk": 75
},
{
    "fields": {
        "height": 425,
        "filter": 6,
        "width": 400,
        "image": 20,
        "focal_point_key": "",
        "file": "images/email23-white.width-400.png"
    },
    "model": "wagtailimages.rendition",
    "pk": 76
},
{
    "fields": {
        "height": 65,
        "filter": 16,
        "width": 50,
        "image": 19,
        "focal_point_key": "",
        "file": "images/smartphone94-white.width-50.png"
    },
    "model": "wagtailimages.rendition",
    "pk": 77
},
{
    "fields": {
        "height": 65,
        "filter": 12,
        "width": 50,
        "image": 19,
        "focal_point_key": "",
        "file": "images/smartphone94-white.original.png"
    },
    "model": "wagtailimages.rendition",
    "pk": 78
},
{
    "fields": {
        "height": 40,
        "filter": 17,
        "width": 50,
        "image": 19,
        "focal_point_key": "2e16d0ba",
        "file": "images/smartphone94-white.2e16d0ba.fill-50x40.png"
    },
    "model": "wagtailimages.rendition",
    "pk": 79
},
{
    "fields": {
        "height": 40,
        "filter": 18,
        "width": 30,
        "image": 19,
        "focal_point_key": "",
        "file": "images/smartphone94-white.height-40.png"
    },
    "model": "wagtailimages.rendition",
    "pk": 80
},
{
    "fields": {
        "height": 130,
        "filter": 3,
        "width": 122,
        "image": 20,
        "focal_point_key": "",
        "file": "images/email23-white.max-130x130.png"
    },
    "model": "wagtailimages.rendition",
    "pk": 81
},
{
    "fields": {
        "height": 65,
        "filter": 3,
        "width": 50,
        "image": 19,
        "focal_point_key": "",
        "file": "images/smartphone94-white.max-130x130.png"
    },
    "model": "wagtailimages.rendition",
    "pk": 82
},
{
    "fields": {
        "height": 93,
        "filter": 3,
        "width": 130,
        "image": 8,
        "focal_point_key": "",
        "file": "images/familiar17-white_LYHZnAB.max-130x130.png"
    },
    "model": "wagtailimages.rendition",
    "pk": 83
},
{
    "fields": {
        "height": 100,
        "filter": 1,
        "width": 66,
        "image": 21,
        "focal_point_key": "",
        "file": "images/brain1.max-130x100.png"
    },
    "model": "wagtailimages.rendition",
    "pk": 84
},
{
    "fields": {
        "height": 603,
        "filter": 6,
        "width": 400,
        "image": 21,
        "focal_point_key": "",
        "file": "images/brain1.width-400.png"
    },
    "model": "wagtailimages.rendition",
    "pk": 85
},
{
    "fields": {
        "height": 130,
        "filter": 3,
        "width": 86,
        "image": 21,
        "focal_point_key": "",
        "file": "images/brain1.max-130x130.png"
    },
    "model": "wagtailimages.rendition",
    "pk": 86
},
{
    "fields": {
        "height": 165,
        "filter": 4,
        "width": 109,
        "image": 21,
        "focal_point_key": "",
        "file": "images/brain1.max-165x165.png"
    },
    "model": "wagtailimages.rendition",
    "pk": 87
},
{
    "fields": {
        "height": 100,
        "filter": 1,
        "width": 99,
        "image": 22,
        "focal_point_key": "",
        "file": "images/collabo.max-130x100.png"
    },
    "model": "wagtailimages.rendition",
    "pk": 88
},
{
    "fields": {
        "height": 351,
        "filter": 2,
        "width": 350,
        "image": 22,
        "focal_point_key": "",
        "file": "images/collabo.width-350.png"
    },
    "model": "wagtailimages.rendition",
    "pk": 89
},
{
    "fields": {
        "height": 130,
        "filter": 3,
        "width": 129,
        "image": 22,
        "focal_point_key": "",
        "file": "images/collabo.max-130x130.png"
    },
    "model": "wagtailimages.rendition",
    "pk": 90
},
{
    "fields": {
        "height": 165,
        "filter": 4,
        "width": 164,
        "image": 22,
        "focal_point_key": "",
        "file": "images/collabo.max-165x165.png"
    },
    "model": "wagtailimages.rendition",
    "pk": 91
},
{
    "fields": {
        "height": 100,
        "filter": 1,
        "width": 100,
        "image": 23,
        "focal_point_key": "",
        "file": "images/brain2.max-130x100.png"
    },
    "model": "wagtailimages.rendition",
    "pk": 92
},
{
    "fields": {
        "height": 400,
        "filter": 6,
        "width": 400,
        "image": 23,
        "focal_point_key": "",
        "file": "images/brain2.width-400.png"
    },
    "model": "wagtailimages.rendition",
    "pk": 93
},
{
    "fields": {
        "height": 130,
        "filter": 3,
        "width": 130,
        "image": 23,
        "focal_point_key": "",
        "file": "images/brain2.max-130x130.png"
    },
    "model": "wagtailimages.rendition",
    "pk": 94
},
{
    "fields": {
        "height": 165,
        "filter": 4,
        "width": 165,
        "image": 23,
        "focal_point_key": "",
        "file": "images/brain2.max-165x165.png"
    },
    "model": "wagtailimages.rendition",
    "pk": 95
},
{
    "fields": {
        "height": 100,
        "filter": 1,
        "width": 101,
        "image": 24,
        "focal_point_key": "",
        "file": "images/crafts.max-130x100.png"
    },
    "model": "wagtailimages.rendition",
    "pk": 96
},
{
    "fields": {
        "height": 345,
        "filter": 2,
        "width": 350,
        "image": 24,
        "focal_point_key": "",
        "file": "images/crafts.width-350.png"
    },
    "model": "wagtailimages.rendition",
    "pk": 97
},
{
    "fields": {
        "height": 128,
        "filter": 3,
        "width": 130,
        "image": 24,
        "focal_point_key": "",
        "file": "images/crafts.max-130x130.png"
    },
    "model": "wagtailimages.rendition",
    "pk": 98
},
{
    "fields": {
        "height": 162,
        "filter": 4,
        "width": 165,
        "image": 24,
        "focal_point_key": "",
        "file": "images/crafts.max-165x165.png"
    },
    "model": "wagtailimages.rendition",
    "pk": 99
},
{
    "fields": {
        "height": 100,
        "filter": 1,
        "width": 107,
        "image": 25,
        "focal_point_key": "",
        "file": "images/handshake.max-130x100.png"
    },
    "model": "wagtailimages.rendition",
    "pk": 100
},
{
    "fields": {
        "height": 371,
        "filter": 6,
        "width": 400,
        "image": 25,
        "focal_point_key": "",
        "file": "images/handshake.width-400.png"
    },
    "model": "wagtailimages.rendition",
    "pk": 101
},
{
    "fields": {
        "height": 153,
        "filter": 4,
        "width": 165,
        "image": 25,
        "focal_point_key": "",
        "file": "images/handshake.max-165x165.png"
    },
    "model": "wagtailimages.rendition",
    "pk": 102
},
{
    "fields": {
        "height": 100,
        "filter": 1,
        "width": 60,
        "image": 26,
        "focal_point_key": "",
        "file": "images/robot1.max-130x100.png"
    },
    "model": "wagtailimages.rendition",
    "pk": 103
},
{
    "fields": {
        "height": 246,
        "filter": 7,
        "width": 150,
        "image": 26,
        "focal_point_key": "",
        "file": "images/robot1.width-150.png"
    },
    "model": "wagtailimages.rendition",
    "pk": 104
},
{
    "fields": {
        "height": 130,
        "filter": 3,
        "width": 79,
        "image": 26,
        "focal_point_key": "",
        "file": "images/robot1.max-130x130.png"
    },
    "model": "wagtailimages.rendition",
    "pk": 105
},
{
    "fields": {
        "height": 165,
        "filter": 4,
        "width": 100,
        "image": 26,
        "focal_point_key": "",
        "file": "images/robot1.max-165x165.png"
    },
    "model": "wagtailimages.rendition",
    "pk": 106
},
{
    "fields": {
        "height": 87,
        "filter": 1,
        "width": 130,
        "image": 27,
        "focal_point_key": "",
        "file": "images/webdesign.max-130x100.png"
    },
    "model": "wagtailimages.rendition",
    "pk": 107
},
{
    "fields": {
        "height": 313,
        "filter": 8,
        "width": 463,
        "image": 27,
        "focal_point_key": "",
        "file": "images/webdesign.width-463.png"
    },
    "model": "wagtailimages.rendition",
    "pk": 108
},
{
    "fields": {
        "height": 87,
        "filter": 3,
        "width": 130,
        "image": 27,
        "focal_point_key": "",
        "file": "images/webdesign.max-130x130.png"
    },
    "model": "wagtailimages.rendition",
    "pk": 109
},
{
    "fields": {
        "height": 111,
        "filter": 4,
        "width": 165,
        "image": 27,
        "focal_point_key": "",
        "file": "images/webdesign.max-165x165.png"
    },
    "model": "wagtailimages.rendition",
    "pk": 110
},
{
    "fields": {
        "height": 100,
        "filter": 1,
        "width": 81,
        "image": 28,
        "focal_point_key": "",
        "file": "images/service.max-130x100.png"
    },
    "model": "wagtailimages.rendition",
    "pk": 111
},
{
    "fields": {
        "height": 571,
        "filter": 8,
        "width": 463,
        "image": 28,
        "focal_point_key": "",
        "file": "images/service.width-463.png"
    },
    "model": "wagtailimages.rendition",
    "pk": 112
},
{
    "fields": {
        "height": 165,
        "filter": 4,
        "width": 133,
        "image": 28,
        "focal_point_key": "",
        "file": "images/service.max-165x165.png"
    },
    "model": "wagtailimages.rendition",
    "pk": 113
},
{
    "fields": {
        "height": 100,
        "filter": 1,
        "width": 89,
        "image": 29,
        "focal_point_key": "",
        "file": "images/contact.max-130x100.png"
    },
    "model": "wagtailimages.rendition",
    "pk": 114
},
{
    "fields": {
        "height": 448,
        "filter": 6,
        "width": 400,
        "image": 29,
        "focal_point_key": "",
        "file": "images/contact.width-400.png"
    },
    "model": "wagtailimages.rendition",
    "pk": 115
},
{
    "fields": {
        "height": 130,
        "filter": 3,
        "width": 116,
        "image": 29,
        "focal_point_key": "",
        "file": "images/contact.max-130x130.png"
    },
    "model": "wagtailimages.rendition",
    "pk": 116
},
{
    "fields": {
        "height": 165,
        "filter": 4,
        "width": 147,
        "image": 29,
        "focal_point_key": "",
        "file": "images/contact.max-165x165.png"
    },
    "model": "wagtailimages.rendition",
    "pk": 117
},
{
    "fields": {
        "height": 50,
        "filter": 1,
        "width": 50,
        "image": 31,
        "focal_point_key": "",
        "file": "images/red-phone.max-130x100.png"
    },
    "model": "wagtailimages.rendition",
    "pk": 122
},
{
    "fields": {
        "height": 40,
        "filter": 18,
        "width": 40,
        "image": 31,
        "focal_point_key": "",
        "file": "images/red-phone.height-40.png"
    },
    "model": "wagtailimages.rendition",
    "pk": 123
},
{
    "fields": {
        "height": 50,
        "filter": 19,
        "width": 50,
        "image": 31,
        "focal_point_key": "",
        "file": "images/red-phone.height-50.png"
    },
    "model": "wagtailimages.rendition",
    "pk": 124
},
{
    "fields": {
        "height": 30,
        "filter": 20,
        "width": 30,
        "image": 31,
        "focal_point_key": "",
        "file": "images/red-phone.height-30.png"
    },
    "model": "wagtailimages.rendition",
    "pk": 125
},
{
    "fields": {
        "height": 130,
        "filter": 3,
        "width": 130,
        "image": 11,
        "focal_point_key": "",
        "file": "images/premium1-white.max-130x130.png"
    },
    "model": "wagtailimages.rendition",
    "pk": 126
},
{
    "fields": {
        "height": 50,
        "filter": 4,
        "width": 50,
        "image": 31,
        "focal_point_key": "",
        "file": "images/red-phone.max-165x165.png"
    },
    "model": "wagtailimages.rendition",
    "pk": 127
},
{
    "fields": {
        "height": 165,
        "filter": 4,
        "width": 117,
        "image": 33,
        "focal_point_key": "",
        "file": "images/badge.max-165x165.png"
    },
    "model": "wagtailimages.rendition",
    "pk": 135
},
{
    "fields": {
        "height": 100,
        "filter": 1,
        "width": 71,
        "image": 33,
        "focal_point_key": "",
        "file": "images/badge.max-130x100.png"
    },
    "model": "wagtailimages.rendition",
    "pk": 136
},
{
    "fields": {
        "height": 394,
        "filter": 9,
        "width": 280,
        "image": 33,
        "focal_point_key": "",
        "file": "images/badge.width-280.png"
    },
    "model": "wagtailimages.rendition",
    "pk": 137
},
{
    "fields": {
        "height": 281,
        "filter": 21,
        "width": 200,
        "image": 33,
        "focal_point_key": "",
        "file": "images/badge.width-200.png"
    },
    "model": "wagtailimages.rendition",
    "pk": 138
},
{
    "fields": {
        "height": 50,
        "filter": 3,
        "width": 50,
        "image": 31,
        "focal_point_key": "",
        "file": "images/red-phone.max-130x130.png"
    },
    "model": "wagtailimages.rendition",
    "pk": 139
},
{
    "fields": {
        "page": 11,
        "submit_time": "2015-07-04T15:29:04.912Z",
        "form_data": "{\"message\": \"hello\", \"name\": \"taehwan\", \"email\": \"redleopard81@hotmail.com\"}"
    },
    "model": "wagtailforms.formsubmission",
    "pk": 1
},
{
    "fields": {
        "page": 11,
        "submit_time": "2015-07-04T15:39:03.262Z",
        "form_data": "{\"message\": \"ddd\", \"name\": \"taehwan kim\", \"email\": \"redleopard81@hotmail.com\"}"
    },
    "model": "wagtailforms.formsubmission",
    "pk": 2
},
{
    "fields": {
        "page": 11,
        "submit_time": "2015-07-04T15:40:42.582Z",
        "form_data": "{\"message\": \"ddd\", \"name\": \"ddd\", \"email\": \"redleopard81@hotmail.com\"}"
    },
    "model": "wagtailforms.formsubmission",
    "pk": 3
},
{
    "fields": {
        "page": 11,
        "submit_time": "2015-07-04T15:59:02.332Z",
        "form_data": "{\"message\": \"ddd\", \"name\": \"taedori\", \"email\": \"redleopard81@hotmail.com\"}"
    },
    "model": "wagtailforms.formsubmission",
    "pk": 4
},
{
    "fields": {
        "page": 11,
        "submit_time": "2015-07-04T16:01:18.017Z",
        "form_data": "{\"name\": \"First Task\", \"message\": \"DDD\", \"email\": \"taedori@outlook.com\"}"
    },
    "model": "wagtailforms.formsubmission",
    "pk": 5
},
{
    "fields": {
        "page": 11,
        "submit_time": "2015-07-14T20:49:51.383Z",
        "form_data": "{\"message\": \"hello\", \"name\": \"taehwan\", \"email\": \"taedori@outlook.com\"}"
    },
    "model": "wagtailforms.formsubmission",
    "pk": 6
},
{
    "fields": {
        "page": 11,
        "submit_time": "2015-07-14T21:12:05.559Z",
        "form_data": "{\"message\": \"hello\", \"name\": \"taehwan\", \"email\": \"taedori@outlook.com\"}"
    },
    "model": "wagtailforms.formsubmission",
    "pk": 7
},
{
    "fields": {
        "page": 11,
        "submit_time": "2015-07-14T21:13:19.160Z",
        "form_data": "{\"email\": \"taedori@outlook.com\", \"message\": \"hello\", \"name\": \"taehwan\"}"
    },
    "model": "wagtailforms.formsubmission",
    "pk": 8
},
{
    "fields": {
        "page": 11,
        "submit_time": "2015-07-14T21:23:31.116Z",
        "form_data": "{\"email\": \"tae@maiol.com\", \"message\": \"hello!\", \"name\": \"kiim\"}"
    },
    "model": "wagtailforms.formsubmission",
    "pk": 9
},
{
    "fields": {
        "page": 11,
        "submit_time": "2015-07-14T21:24:40.044Z",
        "form_data": "{\"email\": \"redleopard81@hotmail.com\", \"message\": \"What is this magic?\\r\\n\\r\\nChef actually does so much that you might be reluctant to trust it. You may(/should) want to understand the details of your deployment. Or you may just distrust Ruby-scented magic. So here\\u2019s a rough walk-through of everything the bootstrap scripts do.\\r\\nDatabase\\r\\n\\r\\nThe database role first installs the essential base packages specified in base.rb, i.e. apt, gcc, etc, and sets up our ubuntu admin user with passwordless sudo.\\r\\n\\r\\nThen we run our custom database recipe that:\\r\\n\\r\\n    Installs Postgres on the server\\r\\n\\r\\n    Modifies the default postgresql.conf settings to take full advantage of the node\\u2019s resources (dynamically calculated using a cookbook called ohai.) Changes the Linux shmmax/shmall paramaters as necessary.\\r\\n\\r\\n    Tells Postgres to listen on all ports and accept password authenticated connections from all IP\\u2019s (which is okay because we use Amazon\\u2019s firewall to block any connection to the Postgres node from outside our security group.)\\r\\n\\r\\n    Creates our application database using a password and database name read in from our settings.json file.\\r\\n\\r\\n    Restarts Postgres to pick up the configuration changes.\\r\\n\", \"name\": \"taehwan kim\"}"
    },
    "model": "wagtailforms.formsubmission",
    "pk": 10
},
{
    "fields": {
        "page": 11,
        "submit_time": "2015-07-14T21:26:49.573Z",
        "form_data": "{\"email\": \"taedori@outlook.com\", \"message\": \"sdasdsadas\", \"name\": \"dsadasd\"}"
    },
    "model": "wagtailforms.formsubmission",
    "pk": 11
},
{
    "fields": {
        "page": 11,
        "submit_time": "2015-07-14T21:29:18.973Z",
        "form_data": "{\"message\": \"helloworld!\", \"email\": \"taedori@outlook.com\", \"name\": \"Naver\"}"
    },
    "model": "wagtailforms.formsubmission",
    "pk": 12
},
{
    "fields": {
        "page": 11,
        "submit_time": "2015-07-14T21:29:47.810Z",
        "form_data": "{\"email\": \"taedori@outlook.com\", \"name\": \"Naver\", \"message\": \"helloworld!\"}"
    },
    "model": "wagtailforms.formsubmission",
    "pk": 13
},
{
    "fields": {
        "page": 11,
        "submit_time": "2015-07-14T22:04:39.864Z",
        "form_data": "{\"message\": \"helloworld!\", \"name\": \"Naver\", \"email\": \"taedori@outlook.com\"}"
    },
    "model": "wagtailforms.formsubmission",
    "pk": 14
},
{
    "fields": {
        "page": 11,
        "submit_time": "2015-07-14T22:08:51.144Z",
        "form_data": "{\"message\": \"helloworld!\", \"name\": \"Naver\", \"email\": \"taedori@outlook.com\"}"
    },
    "model": "wagtailforms.formsubmission",
    "pk": 15
},
{
    "fields": {
        "page": 11,
        "submit_time": "2015-07-14T22:19:47.646Z",
        "form_data": "{\"message\": \"dasdasd\", \"name\": \"asdasd\", \"email\": \"taedori@outlook.com\"}"
    },
    "model": "wagtailforms.formsubmission",
    "pk": 16
},
{
    "fields": {
        "page": 11,
        "submit_time": "2015-07-14T22:22:17.693Z",
        "form_data": "{\"message\": \"dasdasd\", \"name\": \"asdasd\", \"email\": \"taedori@outlook.com\"}"
    },
    "model": "wagtailforms.formsubmission",
    "pk": 17
},
{
    "fields": {
        "page": 11,
        "submit_time": "2015-07-14T22:24:16.557Z",
        "form_data": "{\"message\": \"dasdasd\", \"name\": \"asdasd\", \"email\": \"taedori@outlook.com\"}"
    },
    "model": "wagtailforms.formsubmission",
    "pk": 18
},
{
    "fields": {
        "page": 11,
        "submit_time": "2015-07-14T22:26:16.045Z",
        "form_data": "{\"message\": \"dasdasd\", \"name\": \"taehwan\", \"email\": \"taedori@outlook.com\"}"
    },
    "model": "wagtailforms.formsubmission",
    "pk": 19
},
{
    "fields": {
        "page": 11,
        "submit_time": "2015-07-14T22:27:40.415Z",
        "form_data": "{\"message\": \"dasdasd\", \"name\": \"taehwan\", \"email\": \"taedori@outlook.com\"}"
    },
    "model": "wagtailforms.formsubmission",
    "pk": 20
},
{
    "fields": {
        "page": 11,
        "submit_time": "2015-07-14T22:29:46.997Z",
        "form_data": "{\"message\": \"dasdasd\", \"name\": \"sdasd\", \"email\": \"tae@gmai.com\"}"
    },
    "model": "wagtailforms.formsubmission",
    "pk": 21
},
{
    "fields": {
        "page": 11,
        "submit_time": "2015-07-14T22:31:43.738Z",
        "form_data": "{\"message\": \"dasdasd\", \"name\": \"sdasd\", \"email\": \"tae@gmai.com\"}"
    },
    "model": "wagtailforms.formsubmission",
    "pk": 22
},
{
    "fields": {
        "page": 11,
        "submit_time": "2015-07-14T22:32:58.118Z",
        "form_data": "{\"message\": \"dasdasd\", \"name\": \"sdasd\", \"email\": \"tae@gmai.com\"}"
    },
    "model": "wagtailforms.formsubmission",
    "pk": 23
},
{
    "fields": {
        "page": 11,
        "submit_time": "2015-07-14T22:33:11.236Z",
        "form_data": "{\"message\": \"dasdasd\", \"name\": \"sdasd\", \"email\": \"tae@gmai.com\"}"
    },
    "model": "wagtailforms.formsubmission",
    "pk": 24
},
{
    "fields": {
        "page": 11,
        "submit_time": "2015-07-15T19:15:44.031Z",
        "form_data": "{\"name\": \"dasdasd\", \"message\": \"dasdasdsad\", \"email\": \"taedori@outlook.com\"}"
    },
    "model": "wagtailforms.formsubmission",
    "pk": 25
},
{
    "fields": {
        "last_login": "2015-07-03T17:00:34.055Z",
        "is_superuser": true,
        "date_joined": "2015-07-03T16:08:30.683Z",
        "password": "pbkdf2_sha256$20000$i60Q0u9mZXp1$rq9PbSopN6LnmJNz7lZbSkO1KJUoOfLlYxU8JPQoqdY=",
        "last_name": "",
        "email": "taedori@outlook.com",
        "user_permissions": [],
        "first_name": "",
        "groups": [],
        "is_staff": true,
        "is_active": true
    },
    "model": "customuser.user",
    "pk": 1
},
{
    "fields": {
        "section_4_subtitle_1": "Responsible",
        "section_1_subtitle_1": "Designers",
        "section_4_title": "Accountability",
        "section_1_subtitle_3": "Artists",
        "section_2_subtitle_1": "Skillful",
        "section_4_subtitle_3": "Persistent",
        "section_3_title": "Creativity",
        "section_3_subtitle_3": "Stand Out",
        "section_2_image": 24,
        "section_4_image": 25,
        "section_4_subtitle_2": "Reliable",
        "section_1_image": 22,
        "section_3_subtitle_1": "Unique",
        "section_3_subtitle_2": "Personal",
        "section_2_subtitle_3": "Artistic",
        "section_3_image": 23,
        "section_2_subtitle_2": "Professional",
        "section_1_subtitle_2": "Coders",
        "section_1_title": "Best Collaboration",
        "section_2_title": "Craftsmanship"
    },
    "model": "home.homepage",
    "pk": 3
},
{
    "fields": {
        "section_2_heading": "Wide range of design and development services provided with a personal experience.",
        "section_2_sub_heading_1": "Branding",
        "section_2_sub_heading_2": "Web Design",
        "section_2_description_4": "OK. You've got the best, unique, competitive service or product. How do \r\nyou let the world know that you exist? Posting your web address in \r\nfacebook, twitter or instagram? Well. That is not enough. You need to \r\nexpose yourself to the world in better way than that.",
        "section_2_description_2": "Even if your website is built with good tech, good functionality, You \r\nwill have no pay attention if your web site has a bad user experience, \r\n\u00a0user interface. \u00a0 We offer modern, simple, mobile ready, responsive \r\ndesign and a good user experience for your web site.",
        "section_2_image": 28,
        "section_1_image": 26,
        "section_2_sub_heading_4": "Marketing",
        "section_1_sub_heading": "We create digital experiences for brands and companies by using creativity and technology.",
        "section_2_description_3": "It is all about the code, code code! We like coding. We build website \r\nwith well-known, well-established, well-supported programming language \r\nand framework, so the website is very easily editable, customizable and \r\nexpandable.",
        "section_2_description_1": "What is Branding? It is the \r\nmarketing practice of creating a name, symbol or design that identifies \r\nand differentiates a product from other products. If you plan to start \r\nup your own business, you need to Brand your company first.",
        "section_2_sub_heading_3": "Web Programming"
    },
    "model": "home.servicespage",
    "pk": 8
},
{
    "fields": {
        "main_image": 33,
        "main_header_1": "Special",
        "main_header_2": "Offer",
        "main_sub_header": "Limited Time Offer"
    },
    "model": "home.specialofferpage",
    "pk": 9
},
{
    "fields": {
        "sean_avatar": 17,
        "josh_avatar": 12,
        "kimmy_avatar": 18,
        "taehwan_avatar": 13
    },
    "model": "home.teampage",
    "pk": 10
},
{
    "fields": {
        "required": true,
        "help_text": "",
        "default_value": "",
        "page": 11,
        "field_type": "singleline",
        "choices": "",
        "label": "Name",
        "sort_order": 0
    },
    "model": "home.formfield",
    "pk": 22
},
{
    "fields": {
        "required": true,
        "help_text": "",
        "default_value": "",
        "page": 11,
        "field_type": "email",
        "choices": "",
        "label": "Email",
        "sort_order": 1
    },
    "model": "home.formfield",
    "pk": 23
},
{
    "fields": {
        "required": true,
        "help_text": "",
        "default_value": "",
        "page": 11,
        "field_type": "multiline",
        "choices": "",
        "label": "Message",
        "sort_order": 2
    },
    "model": "home.formfield",
    "pk": 24
},
{
    "fields": {
        "to_address": "builtbyevo@gmail.com",
        "subject": "Contacting from website",
        "thank_you_text": "<p>Thank you<br/></p>",
        "from_address": "",
        "contact_description": "Contact us if you have any question, recommendations or just for saying hello.",
        "contact_icon": 31,
        "contact_image": 29,
        "contact_header": "Contact us"
    },
    "model": "home.contactpage",
    "pk": 11
},
{
    "fields": {
        "bio": null,
        "slug": "d9cddd3d-c5dd-467d-8062-e5a3d75b581c",
        "email_verified": false,
        "picture": ""
    },
    "model": "profiles.profile",
    "pk": 1
},
{
    "fields": {
        "height": 431,
        "focal_point_height": null,
        "width": 431,
        "title": "3men",
        "focal_point_x": null,
        "focal_point_y": null,
        "uploaded_by_user": [
            "taedori@outlook.com"
        ],
        "focal_point_width": null,
        "file": "original_images/manager3-white.png",
        "created_at": "2015-07-03T21:04:21.381Z"
    },
    "model": "wagtailimages.image",
    "pk": 1
},
{
    "fields": {
        "height": 431,
        "focal_point_height": null,
        "width": 431,
        "title": "3men",
        "focal_point_x": null,
        "focal_point_y": null,
        "uploaded_by_user": [
            "taedori@outlook.com"
        ],
        "focal_point_width": null,
        "file": "original_images/manager3-white_jBy5cNn.png",
        "created_at": "2015-07-03T21:08:08.188Z"
    },
    "model": "wagtailimages.image",
    "pk": 2
},
{
    "fields": {
        "height": 470,
        "focal_point_height": null,
        "width": 470,
        "title": "wrench",
        "focal_point_x": null,
        "focal_point_y": null,
        "uploaded_by_user": [
            "taedori@outlook.com"
        ],
        "focal_point_width": null,
        "file": "original_images/wrenches8-white.png",
        "created_at": "2015-07-03T21:32:19.783Z"
    },
    "model": "wagtailimages.image",
    "pk": 3
},
{
    "fields": {
        "height": 512,
        "focal_point_height": null,
        "width": 512,
        "title": "brain",
        "focal_point_x": null,
        "focal_point_y": null,
        "uploaded_by_user": [
            "taedori@outlook.com"
        ],
        "focal_point_width": null,
        "file": "original_images/mind-white.png",
        "created_at": "2015-07-03T21:32:42.603Z"
    },
    "model": "wagtailimages.image",
    "pk": 4
},
{
    "fields": {
        "height": 125,
        "focal_point_height": null,
        "width": 125,
        "title": "accountability",
        "focal_point_x": null,
        "focal_point_y": null,
        "uploaded_by_user": [
            "taedori@outlook.com"
        ],
        "focal_point_width": null,
        "file": "original_images/familiar17-white.png",
        "created_at": "2015-07-03T21:32:57.116Z"
    },
    "model": "wagtailimages.image",
    "pk": 5
},
{
    "fields": {
        "height": 512,
        "focal_point_height": null,
        "width": 512,
        "title": "head",
        "focal_point_x": null,
        "focal_point_y": null,
        "uploaded_by_user": [
            "taedori@outlook.com"
        ],
        "focal_point_width": null,
        "file": "original_images/mind-white_NLUpCkK.png",
        "created_at": "2015-07-03T21:37:10.983Z"
    },
    "model": "wagtailimages.image",
    "pk": 6
},
{
    "fields": {
        "height": 512,
        "focal_point_height": null,
        "width": 512,
        "title": "brain2",
        "focal_point_x": null,
        "focal_point_y": null,
        "uploaded_by_user": [
            "taedori@outlook.com"
        ],
        "focal_point_width": null,
        "file": "original_images/brain.png",
        "created_at": "2015-07-03T21:38:09.456Z"
    },
    "model": "wagtailimages.image",
    "pk": 7
},
{
    "fields": {
        "height": 287,
        "focal_point_height": null,
        "width": 400,
        "title": "accountability",
        "focal_point_x": null,
        "focal_point_y": null,
        "uploaded_by_user": [
            "taedori@outlook.com"
        ],
        "focal_point_width": null,
        "file": "original_images/familiar17-white_LYHZnAB.png",
        "created_at": "2015-07-03T22:06:46.249Z"
    },
    "model": "wagtailimages.image",
    "pk": 8
},
{
    "fields": {
        "height": 1235,
        "focal_point_height": null,
        "width": 926,
        "title": "big robot",
        "focal_point_x": null,
        "focal_point_y": null,
        "uploaded_by_user": [
            "taedori@outlook.com"
        ],
        "focal_point_width": null,
        "file": "original_images/zoom-32566804-3.jpg",
        "created_at": "2015-07-03T22:39:22.839Z"
    },
    "model": "wagtailimages.image",
    "pk": 9
},
{
    "fields": {
        "height": 1650,
        "focal_point_height": null,
        "width": 914,
        "title": "small robot",
        "focal_point_x": null,
        "focal_point_y": null,
        "uploaded_by_user": [
            "taedori@outlook.com"
        ],
        "focal_point_width": null,
        "file": "original_images/Robot.png",
        "created_at": "2015-07-03T22:39:35.704Z"
    },
    "model": "wagtailimages.image",
    "pk": 10
},
{
    "fields": {
        "height": 370,
        "focal_point_height": null,
        "width": 370,
        "title": "medal-badge",
        "focal_point_x": null,
        "focal_point_y": null,
        "uploaded_by_user": [
            "taedori@outlook.com"
        ],
        "focal_point_width": null,
        "file": "original_images/premium1-white.png",
        "created_at": "2015-07-04T00:10:25.904Z"
    },
    "model": "wagtailimages.image",
    "pk": 11
},
{
    "fields": {
        "height": 137,
        "focal_point_height": null,
        "width": 118,
        "title": "josh-avatar",
        "focal_point_x": null,
        "focal_point_y": null,
        "uploaded_by_user": [
            "taedori@outlook.com"
        ],
        "focal_point_width": null,
        "file": "original_images/man1.png",
        "created_at": "2015-07-04T00:21:17.563Z"
    },
    "model": "wagtailimages.image",
    "pk": 12
},
{
    "fields": {
        "height": 145,
        "focal_point_height": null,
        "width": 117,
        "title": "taehwan_avatar",
        "focal_point_x": null,
        "focal_point_y": null,
        "uploaded_by_user": [
            "taedori@outlook.com"
        ],
        "focal_point_width": null,
        "file": "original_images/man3.png",
        "created_at": "2015-07-04T00:33:15.599Z"
    },
    "model": "wagtailimages.image",
    "pk": 13
},
{
    "fields": {
        "height": 108,
        "focal_point_height": null,
        "width": 102,
        "title": "kimmy_avatar",
        "focal_point_x": null,
        "focal_point_y": null,
        "uploaded_by_user": [
            "taedori@outlook.com"
        ],
        "focal_point_width": null,
        "file": "original_images/girl4.png",
        "created_at": "2015-07-04T00:39:38.289Z"
    },
    "model": "wagtailimages.image",
    "pk": 14
},
{
    "fields": {
        "height": 131,
        "focal_point_height": null,
        "width": 118,
        "title": "sean_avatar",
        "focal_point_x": null,
        "focal_point_y": null,
        "uploaded_by_user": [
            "taedori@outlook.com"
        ],
        "focal_point_width": null,
        "file": "original_images/man4.png",
        "created_at": "2015-07-04T00:41:25.418Z"
    },
    "model": "wagtailimages.image",
    "pk": 15
},
{
    "fields": {
        "height": 123,
        "focal_point_height": null,
        "width": 117,
        "title": "kimmy_avatar",
        "focal_point_x": null,
        "focal_point_y": null,
        "uploaded_by_user": [
            "taedori@outlook.com"
        ],
        "focal_point_width": null,
        "file": "original_images/girl4_pS0wujc.png",
        "created_at": "2015-07-04T00:49:25.844Z"
    },
    "model": "wagtailimages.image",
    "pk": 16
},
{
    "fields": {
        "height": 140,
        "focal_point_height": null,
        "width": 126,
        "title": "sean_avatar",
        "focal_point_x": null,
        "focal_point_y": null,
        "uploaded_by_user": [
            "taedori@outlook.com"
        ],
        "focal_point_width": null,
        "file": "original_images/man4_CZlexBT.png",
        "created_at": "2015-07-04T00:49:39.780Z"
    },
    "model": "wagtailimages.image",
    "pk": 17
},
{
    "fields": {
        "height": 133,
        "focal_point_height": null,
        "width": 127,
        "title": "kimmy_avatar",
        "focal_point_x": null,
        "focal_point_y": null,
        "uploaded_by_user": [
            "taedori@outlook.com"
        ],
        "focal_point_width": null,
        "file": "original_images/girl4_js7ezlY.png",
        "created_at": "2015-07-04T00:51:47.803Z"
    },
    "model": "wagtailimages.image",
    "pk": 18
},
{
    "fields": {
        "height": 65,
        "focal_point_height": null,
        "width": 50,
        "title": "phone-icon",
        "focal_point_x": null,
        "focal_point_y": null,
        "uploaded_by_user": [
            "taedori@outlook.com"
        ],
        "focal_point_width": null,
        "file": "original_images/smartphone94-white.png",
        "created_at": "2015-07-04T16:29:20.594Z"
    },
    "model": "wagtailimages.image",
    "pk": 19
},
{
    "fields": {
        "height": 425,
        "focal_point_height": null,
        "width": 400,
        "title": "email-image",
        "focal_point_x": null,
        "focal_point_y": null,
        "uploaded_by_user": [
            "taedori@outlook.com"
        ],
        "focal_point_width": null,
        "file": "original_images/email23-white.png",
        "created_at": "2015-07-04T16:29:43.164Z"
    },
    "model": "wagtailimages.image",
    "pk": 20
},
{
    "fields": {
        "height": 837,
        "focal_point_height": null,
        "width": 555,
        "title": "brain-new",
        "focal_point_x": null,
        "focal_point_y": null,
        "uploaded_by_user": [
            "taedori@outlook.com"
        ],
        "focal_point_width": null,
        "file": "original_images/brain1.png",
        "created_at": "2015-07-13T14:46:01.432Z"
    },
    "model": "wagtailimages.image",
    "pk": 21
},
{
    "fields": {
        "height": 536,
        "focal_point_height": null,
        "width": 533,
        "title": "collabo",
        "focal_point_x": null,
        "focal_point_y": null,
        "uploaded_by_user": [
            "taedori@outlook.com"
        ],
        "focal_point_width": null,
        "file": "original_images/collabo.png",
        "created_at": "2015-07-13T15:00:26.595Z"
    },
    "model": "wagtailimages.image",
    "pk": 22
},
{
    "fields": {
        "height": 512,
        "focal_point_height": null,
        "width": 512,
        "title": "brain3",
        "focal_point_x": null,
        "focal_point_y": null,
        "uploaded_by_user": [
            "taedori@outlook.com"
        ],
        "focal_point_width": null,
        "file": "original_images/brain2.png",
        "created_at": "2015-07-13T15:13:17.073Z"
    },
    "model": "wagtailimages.image",
    "pk": 23
},
{
    "fields": {
        "height": 506,
        "focal_point_height": null,
        "width": 513,
        "title": "crafts",
        "focal_point_x": null,
        "focal_point_y": null,
        "uploaded_by_user": [
            "taedori@outlook.com"
        ],
        "focal_point_width": null,
        "file": "original_images/crafts.png",
        "created_at": "2015-07-13T15:20:44.121Z"
    },
    "model": "wagtailimages.image",
    "pk": 24
},
{
    "fields": {
        "height": 476,
        "focal_point_height": null,
        "width": 512,
        "title": "handshake",
        "focal_point_x": null,
        "focal_point_y": null,
        "uploaded_by_user": [
            "taedori@outlook.com"
        ],
        "focal_point_width": null,
        "file": "original_images/handshake.png",
        "created_at": "2015-07-13T15:26:16.300Z"
    },
    "model": "wagtailimages.image",
    "pk": 25
},
{
    "fields": {
        "height": 320,
        "focal_point_height": null,
        "width": 195,
        "title": "robot1",
        "focal_point_x": null,
        "focal_point_y": null,
        "uploaded_by_user": [
            "taedori@outlook.com"
        ],
        "focal_point_width": null,
        "file": "original_images/robot1.png",
        "created_at": "2015-07-13T18:42:55.071Z"
    },
    "model": "wagtailimages.image",
    "pk": 26
},
{
    "fields": {
        "height": 313,
        "focal_point_height": null,
        "width": 463,
        "title": "ourservice",
        "focal_point_x": null,
        "focal_point_y": null,
        "uploaded_by_user": [
            "taedori@outlook.com"
        ],
        "focal_point_width": null,
        "file": "original_images/webdesign.png",
        "created_at": "2015-07-13T18:53:40.624Z"
    },
    "model": "wagtailimages.image",
    "pk": 27
},
{
    "fields": {
        "height": 769,
        "focal_point_height": null,
        "width": 623,
        "title": "service",
        "focal_point_x": null,
        "focal_point_y": null,
        "uploaded_by_user": [
            "taedori@outlook.com"
        ],
        "focal_point_width": null,
        "file": "original_images/service.png",
        "created_at": "2015-07-13T19:01:51.056Z"
    },
    "model": "wagtailimages.image",
    "pk": 28
},
{
    "fields": {
        "height": 448,
        "focal_point_height": null,
        "width": 400,
        "title": "phone",
        "focal_point_x": null,
        "focal_point_y": null,
        "uploaded_by_user": [
            "taedori@outlook.com"
        ],
        "focal_point_width": null,
        "file": "original_images/contact.png",
        "created_at": "2015-07-14T15:30:54.350Z"
    },
    "model": "wagtailimages.image",
    "pk": 29
},
{
    "fields": {
        "height": 50,
        "focal_point_height": null,
        "width": 50,
        "title": "red-phone",
        "focal_point_x": null,
        "focal_point_y": null,
        "uploaded_by_user": [
            "taedori@outlook.com"
        ],
        "focal_point_width": null,
        "file": "original_images/red-phone.png",
        "created_at": "2015-07-14T16:21:15.600Z"
    },
    "model": "wagtailimages.image",
    "pk": 31
},
{
    "fields": {
        "height": 394,
        "focal_point_height": null,
        "width": 280,
        "title": "badge.png",
        "focal_point_x": null,
        "focal_point_y": null,
        "uploaded_by_user": [
            "taedori@outlook.com"
        ],
        "focal_point_width": null,
        "file": "original_images/badge.png",
        "created_at": "2015-07-14T17:00:04.242Z"
    },
    "model": "wagtailimages.image",
    "pk": 33
},
{
    "fields": {
        "approved_go_live_at": null,
        "page": 3,
        "submitted_for_moderation": false,
        "user": [
            "taedori@outlook.com"
        ],
        "content_json": "{\"url_path\": \"/home/\", \"expired\": false, \"expire_at\": null, \"depth\": 2, \"content_type\": 2, \"search_description\": \"\", \"has_unpublished_changes\": false, \"slug\": \"home\", \"title\": \"Homepage\", \"live\": true, \"seo_title\": \"\", \"numchild\": 0, \"pk\": 3, \"go_live_at\": null, \"owner\": null, \"path\": \"00010001\", \"first_published_at\": null, \"show_in_menus\": true, \"latest_revision_created_at\": null, \"locked\": false}",
        "created_at": "2015-07-03T17:01:28.326Z"
    },
    "model": "wagtailcore.pagerevision",
    "pk": 1
},
{
    "fields": {
        "approved_go_live_at": null,
        "page": 3,
        "submitted_for_moderation": false,
        "user": [
            "taedori@outlook.com"
        ],
        "content_json": "{\"go_live_at\": null, \"latest_revision_created_at\": \"2015-07-03T17:01:28.326Z\", \"title\": \"Homepage\", \"url_path\": \"/home/\", \"search_description\": \"\", \"slug\": \"home\", \"content_type\": 2, \"numchild\": 0, \"depth\": 2, \"path\": \"00010001\", \"expire_at\": null, \"has_unpublished_changes\": false, \"first_published_at\": \"2015-07-03T17:01:28.384Z\", \"locked\": false, \"expired\": false, \"pk\": 3, \"owner\": null, \"show_in_menus\": true, \"live\": true, \"seo_title\": \"Home\"}",
        "created_at": "2015-07-03T17:58:02.175Z"
    },
    "model": "wagtailcore.pagerevision",
    "pk": 5
},
{
    "fields": {
        "approved_go_live_at": null,
        "page": 8,
        "submitted_for_moderation": false,
        "user": [
            "taedori@outlook.com"
        ],
        "content_json": "{\"path\": \"000100010001\", \"show_in_menus\": true, \"depth\": 3, \"content_type\": 32, \"go_live_at\": null, \"live\": true, \"search_description\": \"\", \"url_path\": \"/home/services/\", \"owner\": 1, \"first_published_at\": null, \"pk\": 8, \"seo_title\": \"\", \"has_unpublished_changes\": false, \"numchild\": 0, \"locked\": false, \"expired\": false, \"latest_revision_created_at\": null, \"slug\": \"services\", \"title\": \"Services\", \"expire_at\": null}",
        "created_at": "2015-07-03T18:27:08.804Z"
    },
    "model": "wagtailcore.pagerevision",
    "pk": 10
},
{
    "fields": {
        "approved_go_live_at": null,
        "page": 9,
        "submitted_for_moderation": false,
        "user": [
            "taedori@outlook.com"
        ],
        "content_json": "{\"path\": \"000100010002\", \"show_in_menus\": true, \"depth\": 3, \"content_type\": 33, \"go_live_at\": null, \"live\": true, \"search_description\": \"\", \"url_path\": \"/home/special-offer/\", \"owner\": 1, \"first_published_at\": null, \"pk\": 9, \"seo_title\": \"\", \"has_unpublished_changes\": false, \"numchild\": 0, \"locked\": false, \"expired\": false, \"latest_revision_created_at\": null, \"slug\": \"special-offer\", \"title\": \"Special Offer\", \"expire_at\": null}",
        "created_at": "2015-07-03T18:28:13.688Z"
    },
    "model": "wagtailcore.pagerevision",
    "pk": 11
},
{
    "fields": {
        "approved_go_live_at": null,
        "page": 9,
        "submitted_for_moderation": false,
        "user": [
            "taedori@outlook.com"
        ],
        "content_json": "{\"path\": \"000100010002\", \"show_in_menus\": true, \"depth\": 3, \"content_type\": 33, \"go_live_at\": null, \"live\": true, \"search_description\": \"\", \"url_path\": \"/home/special-offer/\", \"owner\": 1, \"first_published_at\": \"2015-07-03T18:28:13.741Z\", \"pk\": 9, \"seo_title\": \"\", \"has_unpublished_changes\": false, \"numchild\": 0, \"locked\": false, \"expired\": false, \"latest_revision_created_at\": \"2015-07-03T18:28:13.688Z\", \"slug\": \"special\", \"title\": \"Special\", \"expire_at\": null}",
        "created_at": "2015-07-03T18:29:02.202Z"
    },
    "model": "wagtailcore.pagerevision",
    "pk": 12
},
{
    "fields": {
        "approved_go_live_at": null,
        "page": 9,
        "submitted_for_moderation": false,
        "user": [
            "taedori@outlook.com"
        ],
        "content_json": "{\"path\": \"000100010002\", \"show_in_menus\": true, \"depth\": 3, \"content_type\": 33, \"go_live_at\": null, \"live\": true, \"search_description\": \"\", \"url_path\": \"/home/special/\", \"owner\": 1, \"first_published_at\": \"2015-07-03T18:28:13.741Z\", \"pk\": 9, \"seo_title\": \"\", \"has_unpublished_changes\": false, \"numchild\": 0, \"locked\": false, \"expired\": false, \"latest_revision_created_at\": \"2015-07-03T18:29:02.202Z\", \"slug\": \"specials\", \"title\": \"Specials\", \"expire_at\": null}",
        "created_at": "2015-07-03T18:29:31.056Z"
    },
    "model": "wagtailcore.pagerevision",
    "pk": 13
},
{
    "fields": {
        "approved_go_live_at": null,
        "page": 10,
        "submitted_for_moderation": false,
        "user": [
            "taedori@outlook.com"
        ],
        "content_json": "{\"path\": \"000100010003\", \"show_in_menus\": true, \"depth\": 3, \"content_type\": 34, \"go_live_at\": null, \"live\": true, \"search_description\": \"\", \"url_path\": \"/home/team/\", \"owner\": 1, \"first_published_at\": null, \"pk\": 10, \"seo_title\": \"\", \"has_unpublished_changes\": false, \"numchild\": 0, \"locked\": false, \"expired\": false, \"latest_revision_created_at\": null, \"slug\": \"team\", \"title\": \"Team\", \"expire_at\": null}",
        "created_at": "2015-07-03T18:29:47.010Z"
    },
    "model": "wagtailcore.pagerevision",
    "pk": 14
},
{
    "fields": {
        "approved_go_live_at": null,
        "page": 11,
        "submitted_for_moderation": false,
        "user": [
            "taedori@outlook.com"
        ],
        "content_json": "{\"path\": \"000100010004\", \"show_in_menus\": true, \"depth\": 3, \"content_type\": 35, \"go_live_at\": null, \"live\": true, \"search_description\": \"\", \"url_path\": \"/home/contact/\", \"owner\": 1, \"first_published_at\": null, \"pk\": 11, \"seo_title\": \"\", \"has_unpublished_changes\": false, \"numchild\": 0, \"locked\": false, \"expired\": false, \"latest_revision_created_at\": null, \"slug\": \"contact\", \"title\": \"Contact\", \"expire_at\": null}",
        "created_at": "2015-07-03T18:29:59.610Z"
    },
    "model": "wagtailcore.pagerevision",
    "pk": 15
},
{
    "fields": {
        "approved_go_live_at": null,
        "page": 3,
        "submitted_for_moderation": false,
        "user": [
            "taedori@outlook.com"
        ],
        "content_json": "{\"owner\": null, \"title\": \"Homepage\", \"path\": \"00010001\", \"section_1_subtitle_2\": \"Coders\", \"url_path\": \"/home/\", \"content_type\": 2, \"depth\": 2, \"section_1_subtitle_1\": \"Designers\", \"expired\": false, \"search_description\": \"\", \"slug\": \"home\", \"latest_revision_created_at\": \"2015-07-03T17:58:02.175Z\", \"numchild\": 4, \"seo_title\": \"Home\", \"has_unpublished_changes\": false, \"section_1_image\": 1, \"live\": true, \"pk\": 3, \"go_live_at\": null, \"locked\": false, \"first_published_at\": \"2015-07-03T17:01:28.384Z\", \"section_1_subtitle_3\": \"Artists\", \"show_in_menus\": true, \"section_1_title\": \"Best Collaboration\", \"expire_at\": null}",
        "created_at": "2015-07-03T21:04:36.289Z"
    },
    "model": "wagtailcore.pagerevision",
    "pk": 16
},
{
    "fields": {
        "approved_go_live_at": null,
        "page": 3,
        "submitted_for_moderation": false,
        "user": [
            "taedori@outlook.com"
        ],
        "content_json": "{\"owner\": null, \"title\": \"Homepage\", \"path\": \"00010001\", \"section_1_subtitle_2\": \"Coders\", \"url_path\": \"/home/\", \"content_type\": 2, \"depth\": 2, \"section_1_subtitle_1\": \"Designers\", \"expired\": false, \"search_description\": \"\", \"slug\": \"home\", \"latest_revision_created_at\": \"2015-07-03T21:04:36.289Z\", \"numchild\": 4, \"seo_title\": \"Home\", \"has_unpublished_changes\": false, \"section_1_image\": 2, \"live\": true, \"pk\": 3, \"go_live_at\": null, \"locked\": false, \"first_published_at\": \"2015-07-03T17:01:28.384Z\", \"section_1_subtitle_3\": \"Artists\", \"show_in_menus\": true, \"section_1_title\": \"Best Collaboration\", \"expire_at\": null}",
        "created_at": "2015-07-03T21:08:14.539Z"
    },
    "model": "wagtailcore.pagerevision",
    "pk": 17
},
{
    "fields": {
        "approved_go_live_at": null,
        "page": 3,
        "submitted_for_moderation": false,
        "user": [
            "taedori@outlook.com"
        ],
        "content_json": "{\"section_2_title\": \"Craftsmanship\", \"expire_at\": null, \"section_3_title\": \"Creativity\", \"depth\": 2, \"expired\": false, \"owner\": null, \"live\": true, \"latest_revision_created_at\": \"2015-07-03T21:08:14.539Z\", \"section_4_subtitle_2\": \"Reliable\", \"section_1_subtitle_1\": \"Designers\", \"seo_title\": \"Home\", \"numchild\": 4, \"locked\": false, \"section_1_subtitle_3\": \"Artists\", \"section_2_subtitle_1\": \"Skillful\", \"url_path\": \"/home/\", \"section_4_subtitle_1\": \"Responsible\", \"section_1_image\": 2, \"search_description\": \"\", \"path\": \"00010001\", \"has_unpublished_changes\": false, \"title\": \"Homepage\", \"section_3_subtitle_2\": \"Personal\", \"section_2_image\": 3, \"content_type\": 2, \"first_published_at\": \"2015-07-03T17:01:28.384Z\", \"show_in_menus\": true, \"section_2_subtitle_3\": \"Artistic\", \"pk\": 3, \"go_live_at\": null, \"section_2_subtitle_2\": \"Professional\", \"section_1_title\": \"Best Collaboration\", \"section_3_subtitle_1\": \"Unique\", \"section_4_title\": \"Accountability\", \"section_4_image\": 5, \"slug\": \"home\", \"section_1_subtitle_2\": \"Coders\", \"section_4_subtitle_3\": \"Persistent\", \"section_3_subtitle_3\": \"Stand Out\", \"section_3_image\": 4}",
        "created_at": "2015-07-03T21:34:29.052Z"
    },
    "model": "wagtailcore.pagerevision",
    "pk": 18
},
{
    "fields": {
        "approved_go_live_at": null,
        "page": 3,
        "submitted_for_moderation": false,
        "user": [
            "taedori@outlook.com"
        ],
        "content_json": "{\"section_2_title\": \"Craftsmanship\", \"expire_at\": null, \"section_3_title\": \"Creativity\", \"depth\": 2, \"expired\": false, \"owner\": null, \"live\": true, \"latest_revision_created_at\": \"2015-07-03T21:34:29.052Z\", \"section_4_subtitle_2\": \"Reliable\", \"section_1_subtitle_1\": \"Designers\", \"seo_title\": \"Home\", \"numchild\": 4, \"locked\": false, \"section_1_subtitle_3\": \"Artists\", \"section_2_subtitle_1\": \"Skillful\", \"url_path\": \"/home/\", \"section_4_subtitle_1\": \"Responsible\", \"section_1_image\": 2, \"search_description\": \"\", \"path\": \"00010001\", \"has_unpublished_changes\": false, \"title\": \"Homepage\", \"section_3_subtitle_2\": \"Personal\", \"section_2_image\": 3, \"content_type\": 2, \"first_published_at\": \"2015-07-03T17:01:28.384Z\", \"show_in_menus\": true, \"section_2_subtitle_3\": \"Artistic\", \"pk\": 3, \"go_live_at\": null, \"section_2_subtitle_2\": \"Professional\", \"section_1_title\": \"Best Collaboration\", \"section_3_subtitle_1\": \"Unique\", \"section_4_title\": \"Accountability\", \"section_4_image\": 5, \"slug\": \"home\", \"section_1_subtitle_2\": \"Coders\", \"section_4_subtitle_3\": \"Persistent\", \"section_3_subtitle_3\": \"Stand Out\", \"section_3_image\": 7}",
        "created_at": "2015-07-03T22:00:15.974Z"
    },
    "model": "wagtailcore.pagerevision",
    "pk": 19
},
{
    "fields": {
        "approved_go_live_at": null,
        "page": 3,
        "submitted_for_moderation": false,
        "user": [
            "taedori@outlook.com"
        ],
        "content_json": "{\"section_2_title\": \"Craftsmanship\", \"expire_at\": null, \"section_3_title\": \"Creativity\", \"depth\": 2, \"expired\": false, \"owner\": null, \"live\": true, \"latest_revision_created_at\": \"2015-07-03T22:00:15.974Z\", \"section_4_subtitle_2\": \"Reliable\", \"section_1_subtitle_1\": \"Designers\", \"seo_title\": \"Home\", \"numchild\": 4, \"locked\": false, \"section_1_subtitle_3\": \"Artists\", \"section_2_subtitle_1\": \"Skillful\", \"url_path\": \"/home/\", \"section_4_subtitle_1\": \"Responsible\", \"section_1_image\": 2, \"search_description\": \"\", \"path\": \"00010001\", \"has_unpublished_changes\": false, \"title\": \"Homepage\", \"section_3_subtitle_2\": \"Personal\", \"section_2_image\": 3, \"content_type\": 2, \"first_published_at\": \"2015-07-03T17:01:28.384Z\", \"show_in_menus\": true, \"section_2_subtitle_3\": \"Artistic\", \"pk\": 3, \"go_live_at\": null, \"section_2_subtitle_2\": \"Professional\", \"section_1_title\": \"Best Collaboration\", \"section_3_subtitle_1\": \"Unique\", \"section_4_title\": \"Accountability\", \"section_4_image\": 8, \"slug\": \"home\", \"section_1_subtitle_2\": \"Coders\", \"section_4_subtitle_3\": \"Persistent\", \"section_3_subtitle_3\": \"Stand Out\", \"section_3_image\": 7}",
        "created_at": "2015-07-03T22:06:59.972Z"
    },
    "model": "wagtailcore.pagerevision",
    "pk": 20
},
{
    "fields": {
        "approved_go_live_at": null,
        "page": 8,
        "submitted_for_moderation": false,
        "user": [
            "taedori@outlook.com"
        ],
        "content_json": "{\"live\": true, \"expire_at\": null, \"go_live_at\": null, \"depth\": 3, \"expired\": false, \"section_2_sub_heading_2\": \"Web Design\", \"section_2_description_3\": \"<p>It is all about the code, code code! We like coding. We build website \\nwith well-known, well-established, well-supported programming language \\nand framework, so the website is very easily editable, customizable and \\nexpandable.\\n              </p>\", \"title\": \"Services\", \"owner\": 1, \"first_published_at\": \"2015-07-03T18:27:08.854Z\", \"section_2_sub_heading_4\": \"Marketing\", \"section_2_description_2\": \"<p>Even if your website is built with good tech, good functionality, You \\nwill have no pay attention if your web site has a bad user experience, \\n\\u00a0user interface. \\u00a0 We offer modern, simple, mobile ready, responsive \\ndesign and a good user experience for your web site.</p>\", \"latest_revision_created_at\": \"2015-07-03T18:27:08.804Z\", \"section_1_image\": 10, \"section_2_image\": 9, \"locked\": false, \"section_2_description_4\": \"<p>OK. You've got the best, unique, competitive service or product. How do \\nyou let the world know that you exist? Posting your web address in \\nfacebook, twitter or instagram? Well. That is not enough. You need to \\nexpose yourself to the world in better way than that.</p>\", \"url_path\": \"/home/services/\", \"section_2_sub_heading_3\": \"Web Programming\", \"slug\": \"services\", \"numchild\": 0, \"show_in_menus\": true, \"search_description\": \"\", \"section_2_sub_heading_1\": \"Branding\", \"section_2_description_1\": \"<p>What is Branding? It is the \\nmarketing practice of creating a name, symbol or design that identifies \\nand differentiates a product from other products. If you plan to start \\nup your own business, you need to Brand your company first.</p>\", \"section_1_sub_heading\": \"We create digital experiences for brands and companies by using creativity and technology.\", \"content_type\": 32, \"section_2_heading\": \"Wide range of design and development services provided with a personal experience.\", \"pk\": 8, \"path\": \"000100010001\", \"has_unpublished_changes\": false, \"seo_title\": \"\"}",
        "created_at": "2015-07-03T22:45:06.324Z"
    },
    "model": "wagtailcore.pagerevision",
    "pk": 21
},
{
    "fields": {
        "approved_go_live_at": null,
        "page": 8,
        "submitted_for_moderation": false,
        "user": [
            "taedori@outlook.com"
        ],
        "content_json": "{\"search_description\": \"\", \"section_2_image\": 9, \"section_2_heading\": \"Wide range of design and development services provided with a personal experience.\", \"path\": \"000100010001\", \"go_live_at\": null, \"section_1_image\": 10, \"seo_title\": \"\", \"section_2_sub_heading_1\": \"Branding\", \"locked\": false, \"title\": \"Services\", \"section_2_description_2\": \"Even if your website is built with good tech, good functionality, You \\r\\nwill have no pay attention if your web site has a bad user experience, \\r\\n\\u00a0user interface. \\u00a0 We offer modern, simple, mobile ready, responsive \\r\\ndesign and a good user experience for your web site.\", \"section_1_sub_heading\": \"We create digital experiences for brands and companies by using creativity and technology.\", \"section_2_description_4\": \"OK. You've got the best, unique, competitive service or product. How do \\r\\nyou let the world know that you exist? Posting your web address in \\r\\nfacebook, twitter or instagram? Well. That is not enough. You need to \\r\\nexpose yourself to the world in better way than that.\", \"content_type\": 32, \"expire_at\": null, \"live\": true, \"section_2_sub_heading_3\": \"Web Programming\", \"section_2_description_3\": \"It is all about the code, code code! We like coding. We build website \\r\\nwith well-known, well-established, well-supported programming language \\r\\nand framework, so the website is very easily editable, customizable and \\r\\nexpandable.\", \"depth\": 3, \"pk\": 8, \"show_in_menus\": true, \"has_unpublished_changes\": false, \"owner\": 1, \"numchild\": 0, \"latest_revision_created_at\": \"2015-07-03T22:45:06.324Z\", \"section_2_description_1\": \"What is Branding? It is the \\r\\nmarketing practice of creating a name, symbol or design that identifies \\r\\nand differentiates a product from other products. If you plan to start \\r\\nup your own business, you need to Brand your company first.\", \"section_2_sub_heading_2\": \"Web Design\", \"first_published_at\": \"2015-07-03T18:27:08.854Z\", \"expired\": false, \"slug\": \"services\", \"section_2_sub_heading_4\": \"Marketing\", \"url_path\": \"/home/services/\"}",
        "created_at": "2015-07-03T22:59:51.091Z"
    },
    "model": "wagtailcore.pagerevision",
    "pk": 22
},
{
    "fields": {
        "approved_go_live_at": null,
        "page": 9,
        "submitted_for_moderation": false,
        "user": [
            "taedori@outlook.com"
        ],
        "content_json": "{\"main_image\": 11, \"seo_title\": \"\", \"main_header_2\": \"Offer\", \"url_path\": \"/home/specials/\", \"search_description\": \"\", \"path\": \"000100010002\", \"expired\": false, \"numchild\": 0, \"main_sub_header\": \"Limited Time Offer\", \"owner\": 1, \"depth\": 3, \"latest_revision_created_at\": \"2015-07-03T18:29:31.056Z\", \"live\": true, \"pk\": 9, \"slug\": \"specials\", \"go_live_at\": null, \"title\": \"Specials\", \"has_unpublished_changes\": false, \"first_published_at\": \"2015-07-03T18:28:13.741Z\", \"show_in_menus\": true, \"main_header_1\": \"Special\", \"expire_at\": null, \"locked\": false, \"content_type\": 33}",
        "created_at": "2015-07-04T00:10:29.137Z"
    },
    "model": "wagtailcore.pagerevision",
    "pk": 23
},
{
    "fields": {
        "approved_go_live_at": null,
        "page": 10,
        "submitted_for_moderation": false,
        "user": [
            "taedori@outlook.com"
        ],
        "content_json": "{\"show_in_menus\": true, \"numchild\": 0, \"expired\": false, \"depth\": 3, \"go_live_at\": null, \"path\": \"000100010003\", \"latest_revision_created_at\": \"2015-07-03T18:29:47.010Z\", \"expire_at\": null, \"josh_avatar\": null, \"live\": true, \"seo_title\": \"\", \"content_type\": 34, \"first_published_at\": \"2015-07-03T18:29:47.068Z\", \"taehwan_avatar\": 12, \"pk\": 10, \"has_unpublished_changes\": false, \"title\": \"Team\", \"owner\": 1, \"url_path\": \"/home/team/\", \"sean_avatar\": null, \"search_description\": \"\", \"kimmy_avatar\": null, \"slug\": \"team\", \"locked\": false}",
        "created_at": "2015-07-04T00:21:22.081Z"
    },
    "model": "wagtailcore.pagerevision",
    "pk": 24
},
{
    "fields": {
        "approved_go_live_at": null,
        "page": 10,
        "submitted_for_moderation": false,
        "user": [
            "taedori@outlook.com"
        ],
        "content_json": "{\"show_in_menus\": true, \"numchild\": 0, \"expired\": false, \"depth\": 3, \"go_live_at\": null, \"path\": \"000100010003\", \"latest_revision_created_at\": \"2015-07-04T00:21:22.081Z\", \"expire_at\": null, \"josh_avatar\": 12, \"live\": true, \"seo_title\": \"\", \"content_type\": 34, \"first_published_at\": \"2015-07-03T18:29:47.068Z\", \"taehwan_avatar\": 13, \"pk\": 10, \"has_unpublished_changes\": false, \"title\": \"Team\", \"owner\": 1, \"url_path\": \"/home/team/\", \"sean_avatar\": null, \"search_description\": \"\", \"kimmy_avatar\": null, \"slug\": \"team\", \"locked\": false}",
        "created_at": "2015-07-04T00:33:24.799Z"
    },
    "model": "wagtailcore.pagerevision",
    "pk": 25
},
{
    "fields": {
        "approved_go_live_at": null,
        "page": 10,
        "submitted_for_moderation": false,
        "user": [
            "taedori@outlook.com"
        ],
        "content_json": "{\"show_in_menus\": true, \"numchild\": 0, \"expired\": false, \"depth\": 3, \"go_live_at\": null, \"path\": \"000100010003\", \"latest_revision_created_at\": \"2015-07-04T00:33:24.799Z\", \"expire_at\": null, \"josh_avatar\": 12, \"live\": true, \"seo_title\": \"\", \"content_type\": 34, \"first_published_at\": \"2015-07-03T18:29:47.068Z\", \"taehwan_avatar\": 13, \"pk\": 10, \"has_unpublished_changes\": false, \"title\": \"Team\", \"owner\": 1, \"url_path\": \"/home/team/\", \"sean_avatar\": 15, \"search_description\": \"\", \"kimmy_avatar\": 14, \"slug\": \"team\", \"locked\": false}",
        "created_at": "2015-07-04T00:41:28.739Z"
    },
    "model": "wagtailcore.pagerevision",
    "pk": 26
},
{
    "fields": {
        "approved_go_live_at": null,
        "page": 10,
        "submitted_for_moderation": false,
        "user": [
            "taedori@outlook.com"
        ],
        "content_json": "{\"show_in_menus\": true, \"numchild\": 0, \"expired\": false, \"depth\": 3, \"go_live_at\": null, \"path\": \"000100010003\", \"latest_revision_created_at\": \"2015-07-04T00:41:28.739Z\", \"expire_at\": null, \"josh_avatar\": 12, \"live\": true, \"seo_title\": \"\", \"content_type\": 34, \"first_published_at\": \"2015-07-03T18:29:47.068Z\", \"taehwan_avatar\": 13, \"pk\": 10, \"has_unpublished_changes\": false, \"title\": \"Team\", \"owner\": 1, \"url_path\": \"/home/team/\", \"sean_avatar\": 17, \"search_description\": \"\", \"kimmy_avatar\": 16, \"slug\": \"team\", \"locked\": false}",
        "created_at": "2015-07-04T00:49:44.987Z"
    },
    "model": "wagtailcore.pagerevision",
    "pk": 27
},
{
    "fields": {
        "approved_go_live_at": null,
        "page": 10,
        "submitted_for_moderation": false,
        "user": [
            "taedori@outlook.com"
        ],
        "content_json": "{\"show_in_menus\": true, \"numchild\": 0, \"expired\": false, \"depth\": 3, \"go_live_at\": null, \"path\": \"000100010003\", \"latest_revision_created_at\": \"2015-07-04T00:49:44.987Z\", \"expire_at\": null, \"josh_avatar\": 12, \"live\": true, \"seo_title\": \"\", \"content_type\": 34, \"first_published_at\": \"2015-07-03T18:29:47.068Z\", \"taehwan_avatar\": 13, \"pk\": 10, \"has_unpublished_changes\": false, \"title\": \"Team\", \"owner\": 1, \"url_path\": \"/home/team/\", \"sean_avatar\": 17, \"search_description\": \"\", \"kimmy_avatar\": 18, \"slug\": \"team\", \"locked\": false}",
        "created_at": "2015-07-04T00:51:55.731Z"
    },
    "model": "wagtailcore.pagerevision",
    "pk": 28
},
{
    "fields": {
        "approved_go_live_at": null,
        "page": 11,
        "submitted_for_moderation": false,
        "user": [
            "taedori@outlook.com"
        ],
        "content_json": "{\"expired\": false, \"title\": \"Contact\", \"to_address\": \"taedori@outlook.com\", \"seo_title\": \"\", \"go_live_at\": null, \"expire_at\": null, \"intro\": \"<p>Contact us<br/></p>\", \"show_in_menus\": true, \"path\": \"000100010004\", \"pk\": 11, \"subject\": \"Contacting from website\", \"search_description\": \"\", \"has_unpublished_changes\": false, \"owner\": 1, \"live\": true, \"slug\": \"contact\", \"locked\": false, \"form_fields\": [{\"field_type\": \"singleline\", \"default_value\": \"\", \"pk\": null, \"required\": true, \"page\": 11, \"help_text\": \"Enter your name\", \"label\": \"Name\", \"choices\": \"\", \"sort_order\": 0}, {\"field_type\": \"email\", \"default_value\": \"\", \"pk\": null, \"required\": true, \"page\": 11, \"help_text\": \"Enter your email\", \"label\": \"Email\", \"choices\": \"\", \"sort_order\": 1}, {\"field_type\": \"multiline\", \"default_value\": \"\", \"pk\": null, \"required\": true, \"page\": 11, \"help_text\": \"Enter your message\", \"label\": \"Message\", \"choices\": \"\", \"sort_order\": 2}], \"thank_you_text\": \"<p>Thank you<br/></p>\", \"numchild\": 0, \"first_published_at\": \"2015-07-03T18:29:59.676Z\", \"url_path\": \"/home/contact/\", \"from_address\": \"fromaddress@outlook.com\", \"latest_revision_created_at\": \"2015-07-03T18:29:59.610Z\", \"content_type\": 35, \"depth\": 3}",
        "created_at": "2015-07-04T15:28:43.870Z"
    },
    "model": "wagtailcore.pagerevision",
    "pk": 29
},
{
    "fields": {
        "approved_go_live_at": null,
        "page": 11,
        "submitted_for_moderation": false,
        "user": [
            "taedori@outlook.com"
        ],
        "content_json": "{\"expired\": false, \"title\": \"Contact\", \"to_address\": \"taedori@outlook.com\", \"seo_title\": \"\", \"go_live_at\": null, \"expire_at\": null, \"intro\": \"<p>Contact us<br/></p>\", \"show_in_menus\": true, \"path\": \"000100010004\", \"pk\": 11, \"subject\": \"Contacting from website\", \"search_description\": \"\", \"has_unpublished_changes\": false, \"owner\": 1, \"live\": true, \"slug\": \"contact\", \"locked\": false, \"form_fields\": [{\"field_type\": \"singleline\", \"default_value\": \"\", \"pk\": null, \"required\": true, \"page\": 11, \"help_text\": \"Enter your name\", \"label\": \"Name\", \"choices\": \"\", \"sort_order\": 0}, {\"field_type\": \"email\", \"default_value\": \"\", \"pk\": null, \"required\": true, \"page\": 11, \"help_text\": \"Enter your email\", \"label\": \"Email\", \"choices\": \"\", \"sort_order\": 1}, {\"field_type\": \"multiline\", \"default_value\": \"\", \"pk\": null, \"required\": true, \"page\": 11, \"help_text\": \"Enter your message\", \"label\": \"Message\", \"choices\": \"\", \"sort_order\": 2}], \"thank_you_text\": \"<p>Thank you<br/></p>\", \"numchild\": 0, \"first_published_at\": \"2015-07-03T18:29:59.676Z\", \"url_path\": \"/home/contact/\", \"from_address\": \"redleopard81@hotmail.com\", \"latest_revision_created_at\": \"2015-07-04T15:28:43.870Z\", \"content_type\": 35, \"depth\": 3}",
        "created_at": "2015-07-04T15:40:26.236Z"
    },
    "model": "wagtailcore.pagerevision",
    "pk": 30
},
{
    "fields": {
        "approved_go_live_at": null,
        "page": 11,
        "submitted_for_moderation": false,
        "user": [
            "taedori@outlook.com"
        ],
        "content_json": "{\"content_type\": 35, \"live\": true, \"locked\": false, \"seo_title\": \"\", \"pk\": 11, \"show_in_menus\": true, \"path\": \"000100010004\", \"title\": \"Contact\", \"depth\": 3, \"contact_icon\": 19, \"thank_you_text\": \"<p>Thank you<br/></p>\", \"has_unpublished_changes\": false, \"url_path\": \"/home/contact/\", \"first_published_at\": \"2015-07-03T18:29:59.676Z\", \"contact_image\": 20, \"go_live_at\": null, \"from_address\": \"redleopard81@hotmail.com\", \"contact_description\": \"Contact us if you have any question, recommendations or just for saying hello.\", \"latest_revision_created_at\": \"2015-07-04T15:40:26.236Z\", \"to_address\": \"taedori@outlook.com\", \"slug\": \"contact\", \"subject\": \"Contacting from website\", \"form_fields\": [{\"pk\": null, \"label\": \"Name\", \"choices\": \"\", \"field_type\": \"singleline\", \"required\": true, \"help_text\": \"Enter your name\", \"sort_order\": 0, \"default_value\": \"\", \"page\": 11}, {\"pk\": null, \"label\": \"Email\", \"choices\": \"\", \"field_type\": \"email\", \"required\": true, \"help_text\": \"Enter your email\", \"sort_order\": 1, \"default_value\": \"\", \"page\": 11}, {\"pk\": null, \"label\": \"Message\", \"choices\": \"\", \"field_type\": \"multiline\", \"required\": true, \"help_text\": \"Enter your message\", \"sort_order\": 2, \"default_value\": \"\", \"page\": 11}], \"owner\": 1, \"numchild\": 0, \"expire_at\": null, \"expired\": false, \"contact_header\": \"Contact us\", \"search_description\": \"\"}",
        "created_at": "2015-07-04T16:29:54.686Z"
    },
    "model": "wagtailcore.pagerevision",
    "pk": 31
},
{
    "fields": {
        "approved_go_live_at": null,
        "page": 11,
        "submitted_for_moderation": false,
        "user": [
            "taedori@outlook.com"
        ],
        "content_json": "{\"seo_title\": \"\", \"expire_at\": null, \"title\": \"Contact\", \"first_published_at\": \"2015-07-03T18:29:59.676Z\", \"from_address\": \"redleopard81@hotmail.com\", \"has_unpublished_changes\": false, \"locked\": false, \"path\": \"000100010004\", \"numchild\": 0, \"depth\": 3, \"slug\": \"contact\", \"to_address\": \"taedori@outlook.com\", \"show_in_menus\": true, \"subject\": \"Contacting from website\", \"pk\": 11, \"content_type\": 35, \"latest_revision_created_at\": \"2015-07-04T16:29:54.686Z\", \"contact_image\": 20, \"contact_description\": \"Contact us if you have any question, recommendations or just for saying hello.\", \"live\": true, \"contact_icon\": 19, \"url_path\": \"/home/contact/\", \"search_description\": \"\", \"form_fields\": [{\"choices\": \"\", \"pk\": null, \"field_type\": \"singleline\", \"help_text\": \"\", \"default_value\": \"\", \"sort_order\": 0, \"page\": 11, \"required\": true, \"label\": \"Name\"}, {\"choices\": \"\", \"pk\": null, \"field_type\": \"email\", \"help_text\": \"\", \"default_value\": \"\", \"sort_order\": 1, \"page\": 11, \"required\": true, \"label\": \"Email\"}, {\"choices\": \"\", \"pk\": null, \"field_type\": \"multiline\", \"help_text\": \"\", \"default_value\": \"\", \"sort_order\": 2, \"page\": 11, \"required\": true, \"label\": \"Message\"}], \"expired\": false, \"owner\": 1, \"contact_header\": \"Contact us\", \"thank_you_text\": \"<p>Thank you<br/></p>\", \"go_live_at\": null}",
        "created_at": "2015-07-10T23:20:18.572Z"
    },
    "model": "wagtailcore.pagerevision",
    "pk": 32
},
{
    "fields": {
        "approved_go_live_at": null,
        "page": 3,
        "submitted_for_moderation": false,
        "user": [
            "taedori@outlook.com"
        ],
        "content_json": "{\"depth\": 2, \"title\": \"Homepage\", \"section_2_subtitle_2\": \"Professional\", \"search_description\": \"\", \"section_2_subtitle_1\": \"Skillful\", \"section_3_title\": \"Creativity\", \"section_2_title\": \"Craftsmanship\", \"section_2_subtitle_3\": \"Artistic\", \"section_4_subtitle_3\": \"Persistent\", \"section_4_subtitle_1\": \"Responsible\", \"section_2_image\": 3, \"seo_title\": \"Home\", \"expire_at\": null, \"has_unpublished_changes\": false, \"section_1_subtitle_1\": \"Designers\", \"section_3_subtitle_2\": \"Personal\", \"first_published_at\": \"2015-07-03T17:01:28.384Z\", \"pk\": 3, \"live\": true, \"go_live_at\": null, \"section_1_subtitle_2\": \"Coders\", \"section_4_subtitle_2\": \"Reliable\", \"section_3_subtitle_3\": \"Stand Out\", \"section_1_image\": 2, \"latest_revision_created_at\": \"2015-07-03T22:06:59.972Z\", \"slug\": \"home\", \"section_4_image\": 8, \"expired\": false, \"owner\": null, \"section_1_title\": \"Best Collaboration\", \"locked\": false, \"path\": \"00010001\", \"section_1_subtitle_3\": \"Artists\", \"section_3_image\": 21, \"url_path\": \"/home/\", \"content_type\": 2, \"section_3_subtitle_1\": \"Unique\", \"show_in_menus\": true, \"numchild\": 4, \"section_4_title\": \"Accountability\"}",
        "created_at": "2015-07-13T14:46:05.814Z"
    },
    "model": "wagtailcore.pagerevision",
    "pk": 33
},
{
    "fields": {
        "approved_go_live_at": null,
        "page": 3,
        "submitted_for_moderation": false,
        "user": [
            "taedori@outlook.com"
        ],
        "content_json": "{\"depth\": 2, \"title\": \"Homepage\", \"section_2_subtitle_2\": \"Professional\", \"search_description\": \"\", \"section_2_subtitle_1\": \"Skillful\", \"section_3_title\": \"Creativity\", \"section_2_title\": \"Craftsmanship\", \"section_2_subtitle_3\": \"Artistic\", \"section_4_subtitle_3\": \"Persistent\", \"section_4_subtitle_1\": \"Responsible\", \"section_2_image\": 3, \"seo_title\": \"Home\", \"expire_at\": null, \"has_unpublished_changes\": false, \"section_1_subtitle_1\": \"Designers\", \"section_3_subtitle_2\": \"Personal\", \"first_published_at\": \"2015-07-03T17:01:28.384Z\", \"pk\": 3, \"live\": true, \"go_live_at\": null, \"section_1_subtitle_2\": \"Coders\", \"section_4_subtitle_2\": \"Reliable\", \"section_3_subtitle_3\": \"Stand Out\", \"section_1_image\": 22, \"latest_revision_created_at\": \"2015-07-13T14:46:05.814Z\", \"slug\": \"home\", \"section_4_image\": 8, \"expired\": false, \"owner\": null, \"section_1_title\": \"Best Collaboration\", \"locked\": false, \"path\": \"00010001\", \"section_1_subtitle_3\": \"Artists\", \"section_3_image\": 21, \"url_path\": \"/home/\", \"content_type\": 2, \"section_3_subtitle_1\": \"Unique\", \"show_in_menus\": true, \"numchild\": 4, \"section_4_title\": \"Accountability\"}",
        "created_at": "2015-07-13T15:00:30.343Z"
    },
    "model": "wagtailcore.pagerevision",
    "pk": 34
},
{
    "fields": {
        "approved_go_live_at": null,
        "page": 3,
        "submitted_for_moderation": false,
        "user": [
            "taedori@outlook.com"
        ],
        "content_json": "{\"depth\": 2, \"title\": \"Homepage\", \"section_2_subtitle_2\": \"Professional\", \"search_description\": \"\", \"section_2_subtitle_1\": \"Skillful\", \"section_3_title\": \"Creativity\", \"section_2_title\": \"Craftsmanship\", \"section_2_subtitle_3\": \"Artistic\", \"section_4_subtitle_3\": \"Persistent\", \"section_4_subtitle_1\": \"Responsible\", \"section_2_image\": 3, \"seo_title\": \"Home\", \"expire_at\": null, \"has_unpublished_changes\": false, \"section_1_subtitle_1\": \"Designers\", \"section_3_subtitle_2\": \"Personal\", \"first_published_at\": \"2015-07-03T17:01:28.384Z\", \"pk\": 3, \"live\": true, \"go_live_at\": null, \"section_1_subtitle_2\": \"Coders\", \"section_4_subtitle_2\": \"Reliable\", \"section_3_subtitle_3\": \"Stand Out\", \"section_1_image\": 22, \"latest_revision_created_at\": \"2015-07-13T15:00:30.343Z\", \"slug\": \"home\", \"section_4_image\": 8, \"expired\": false, \"owner\": null, \"section_1_title\": \"Best Collaboration\", \"locked\": false, \"path\": \"00010001\", \"section_1_subtitle_3\": \"Artists\", \"section_3_image\": 23, \"url_path\": \"/home/\", \"content_type\": 2, \"section_3_subtitle_1\": \"Unique\", \"show_in_menus\": true, \"numchild\": 4, \"section_4_title\": \"Accountability\"}",
        "created_at": "2015-07-13T15:13:20.845Z"
    },
    "model": "wagtailcore.pagerevision",
    "pk": 35
},
{
    "fields": {
        "approved_go_live_at": null,
        "page": 3,
        "submitted_for_moderation": false,
        "user": [
            "taedori@outlook.com"
        ],
        "content_json": "{\"depth\": 2, \"title\": \"Homepage\", \"section_2_subtitle_2\": \"Professional\", \"search_description\": \"\", \"section_2_subtitle_1\": \"Skillful\", \"section_3_title\": \"Creativity\", \"section_2_title\": \"Craftsmanship\", \"section_2_subtitle_3\": \"Artistic\", \"section_4_subtitle_3\": \"Persistent\", \"section_4_subtitle_1\": \"Responsible\", \"section_2_image\": 24, \"seo_title\": \"Home\", \"expire_at\": null, \"has_unpublished_changes\": false, \"section_1_subtitle_1\": \"Designers\", \"section_3_subtitle_2\": \"Personal\", \"first_published_at\": \"2015-07-03T17:01:28.384Z\", \"pk\": 3, \"live\": true, \"go_live_at\": null, \"section_1_subtitle_2\": \"Coders\", \"section_4_subtitle_2\": \"Reliable\", \"section_3_subtitle_3\": \"Stand Out\", \"section_1_image\": 22, \"latest_revision_created_at\": \"2015-07-13T15:13:20.845Z\", \"slug\": \"home\", \"section_4_image\": 8, \"expired\": false, \"owner\": null, \"section_1_title\": \"Best Collaboration\", \"locked\": false, \"path\": \"00010001\", \"section_1_subtitle_3\": \"Artists\", \"section_3_image\": 23, \"url_path\": \"/home/\", \"content_type\": 2, \"section_3_subtitle_1\": \"Unique\", \"show_in_menus\": true, \"numchild\": 4, \"section_4_title\": \"Accountability\"}",
        "created_at": "2015-07-13T15:20:47.613Z"
    },
    "model": "wagtailcore.pagerevision",
    "pk": 36
},
{
    "fields": {
        "approved_go_live_at": null,
        "page": 3,
        "submitted_for_moderation": false,
        "user": [
            "taedori@outlook.com"
        ],
        "content_json": "{\"depth\": 2, \"title\": \"Homepage\", \"section_2_subtitle_2\": \"Professional\", \"search_description\": \"\", \"section_2_subtitle_1\": \"Skillful\", \"section_3_title\": \"Creativity\", \"section_2_title\": \"Craftsmanship\", \"section_2_subtitle_3\": \"Artistic\", \"section_4_subtitle_3\": \"Persistent\", \"section_4_subtitle_1\": \"Responsible\", \"section_2_image\": 24, \"seo_title\": \"Home\", \"expire_at\": null, \"has_unpublished_changes\": false, \"section_1_subtitle_1\": \"Designers\", \"section_3_subtitle_2\": \"Personal\", \"first_published_at\": \"2015-07-03T17:01:28.384Z\", \"pk\": 3, \"live\": true, \"go_live_at\": null, \"section_1_subtitle_2\": \"Coders\", \"section_4_subtitle_2\": \"Reliable\", \"section_3_subtitle_3\": \"Stand Out\", \"section_1_image\": 22, \"latest_revision_created_at\": \"2015-07-13T15:20:47.613Z\", \"slug\": \"home\", \"section_4_image\": 25, \"expired\": false, \"owner\": null, \"section_1_title\": \"Best Collaboration\", \"locked\": false, \"path\": \"00010001\", \"section_1_subtitle_3\": \"Artists\", \"section_3_image\": 23, \"url_path\": \"/home/\", \"content_type\": 2, \"section_3_subtitle_1\": \"Unique\", \"show_in_menus\": true, \"numchild\": 4, \"section_4_title\": \"Accountability\"}",
        "created_at": "2015-07-13T15:26:20.384Z"
    },
    "model": "wagtailcore.pagerevision",
    "pk": 37
},
{
    "fields": {
        "approved_go_live_at": null,
        "page": 8,
        "submitted_for_moderation": false,
        "user": [
            "taedori@outlook.com"
        ],
        "content_json": "{\"section_2_sub_heading_1\": \"Branding\", \"section_2_sub_heading_2\": \"Web Design\", \"section_2_sub_heading_4\": \"Marketing\", \"go_live_at\": null, \"section_2_heading\": \"Wide range of design and development services provided with a personal experience.\", \"expired\": false, \"first_published_at\": \"2015-07-03T18:27:08.854Z\", \"section_2_image\": 9, \"has_unpublished_changes\": false, \"live\": true, \"section_2_description_1\": \"What is Branding? It is the \\r\\nmarketing practice of creating a name, symbol or design that identifies \\r\\nand differentiates a product from other products. If you plan to start \\r\\nup your own business, you need to Brand your company first.\", \"depth\": 3, \"locked\": false, \"latest_revision_created_at\": \"2015-07-03T22:59:51.091Z\", \"section_1_sub_heading\": \"We create digital experiences for brands and companies by using creativity and technology.\", \"search_description\": \"\", \"section_2_description_2\": \"Even if your website is built with good tech, good functionality, You \\r\\nwill have no pay attention if your web site has a bad user experience, \\r\\n\\u00a0user interface. \\u00a0 We offer modern, simple, mobile ready, responsive \\r\\ndesign and a good user experience for your web site.\", \"path\": \"000100010001\", \"title\": \"Services\", \"seo_title\": \"\", \"numchild\": 0, \"slug\": \"services\", \"section_2_description_4\": \"OK. You've got the best, unique, competitive service or product. How do \\r\\nyou let the world know that you exist? Posting your web address in \\r\\nfacebook, twitter or instagram? Well. That is not enough. You need to \\r\\nexpose yourself to the world in better way than that.\", \"pk\": 8, \"show_in_menus\": true, \"url_path\": \"/home/services/\", \"section_2_description_3\": \"It is all about the code, code code! We like coding. We build website \\r\\nwith well-known, well-established, well-supported programming language \\r\\nand framework, so the website is very easily editable, customizable and \\r\\nexpandable.\", \"owner\": 1, \"expire_at\": null, \"section_1_image\": 26, \"section_2_sub_heading_3\": \"Web Programming\", \"content_type\": 32}",
        "created_at": "2015-07-13T18:42:58.629Z"
    },
    "model": "wagtailcore.pagerevision",
    "pk": 38
},
{
    "fields": {
        "approved_go_live_at": null,
        "page": 8,
        "submitted_for_moderation": false,
        "user": [
            "taedori@outlook.com"
        ],
        "content_json": "{\"section_2_sub_heading_1\": \"Branding\", \"section_2_sub_heading_2\": \"Web Design\", \"section_2_sub_heading_4\": \"Marketing\", \"go_live_at\": null, \"section_2_heading\": \"Wide range of design and development services provided with a personal experience.\", \"expired\": false, \"first_published_at\": \"2015-07-03T18:27:08.854Z\", \"section_2_image\": 27, \"has_unpublished_changes\": false, \"live\": true, \"section_2_description_1\": \"What is Branding? It is the \\r\\nmarketing practice of creating a name, symbol or design that identifies \\r\\nand differentiates a product from other products. If you plan to start \\r\\nup your own business, you need to Brand your company first.\", \"depth\": 3, \"locked\": false, \"latest_revision_created_at\": \"2015-07-13T18:42:58.629Z\", \"section_1_sub_heading\": \"We create digital experiences for brands and companies by using creativity and technology.\", \"search_description\": \"\", \"section_2_description_2\": \"Even if your website is built with good tech, good functionality, You \\r\\nwill have no pay attention if your web site has a bad user experience, \\r\\n\\u00a0user interface. \\u00a0 We offer modern, simple, mobile ready, responsive \\r\\ndesign and a good user experience for your web site.\", \"path\": \"000100010001\", \"title\": \"Services\", \"seo_title\": \"\", \"numchild\": 0, \"slug\": \"services\", \"section_2_description_4\": \"OK. You've got the best, unique, competitive service or product. How do \\r\\nyou let the world know that you exist? Posting your web address in \\r\\nfacebook, twitter or instagram? Well. That is not enough. You need to \\r\\nexpose yourself to the world in better way than that.\", \"pk\": 8, \"show_in_menus\": true, \"url_path\": \"/home/services/\", \"section_2_description_3\": \"It is all about the code, code code! We like coding. We build website \\r\\nwith well-known, well-established, well-supported programming language \\r\\nand framework, so the website is very easily editable, customizable and \\r\\nexpandable.\", \"owner\": 1, \"expire_at\": null, \"section_1_image\": 26, \"section_2_sub_heading_3\": \"Web Programming\", \"content_type\": 32}",
        "created_at": "2015-07-13T18:53:43.546Z"
    },
    "model": "wagtailcore.pagerevision",
    "pk": 39
},
{
    "fields": {
        "approved_go_live_at": null,
        "page": 8,
        "submitted_for_moderation": false,
        "user": [
            "taedori@outlook.com"
        ],
        "content_json": "{\"section_2_sub_heading_1\": \"Branding\", \"section_2_sub_heading_2\": \"Web Design\", \"section_2_sub_heading_4\": \"Marketing\", \"go_live_at\": null, \"section_2_heading\": \"Wide range of design and development services provided with a personal experience.\", \"expired\": false, \"first_published_at\": \"2015-07-03T18:27:08.854Z\", \"section_2_image\": 28, \"has_unpublished_changes\": false, \"live\": true, \"section_2_description_1\": \"What is Branding? It is the \\r\\nmarketing practice of creating a name, symbol or design that identifies \\r\\nand differentiates a product from other products. If you plan to start \\r\\nup your own business, you need to Brand your company first.\", \"depth\": 3, \"locked\": false, \"latest_revision_created_at\": \"2015-07-13T18:53:43.546Z\", \"section_1_sub_heading\": \"We create digital experiences for brands and companies by using creativity and technology.\", \"search_description\": \"\", \"section_2_description_2\": \"Even if your website is built with good tech, good functionality, You \\r\\nwill have no pay attention if your web site has a bad user experience, \\r\\n\\u00a0user interface. \\u00a0 We offer modern, simple, mobile ready, responsive \\r\\ndesign and a good user experience for your web site.\", \"path\": \"000100010001\", \"title\": \"Services\", \"seo_title\": \"\", \"numchild\": 0, \"slug\": \"services\", \"section_2_description_4\": \"OK. You've got the best, unique, competitive service or product. How do \\r\\nyou let the world know that you exist? Posting your web address in \\r\\nfacebook, twitter or instagram? Well. That is not enough. You need to \\r\\nexpose yourself to the world in better way than that.\", \"pk\": 8, \"show_in_menus\": true, \"url_path\": \"/home/services/\", \"section_2_description_3\": \"It is all about the code, code code! We like coding. We build website \\r\\nwith well-known, well-established, well-supported programming language \\r\\nand framework, so the website is very easily editable, customizable and \\r\\nexpandable.\", \"owner\": 1, \"expire_at\": null, \"section_1_image\": 26, \"section_2_sub_heading_3\": \"Web Programming\", \"content_type\": 32}",
        "created_at": "2015-07-13T19:01:54.607Z"
    },
    "model": "wagtailcore.pagerevision",
    "pk": 40
},
{
    "fields": {
        "approved_go_live_at": null,
        "page": 11,
        "submitted_for_moderation": false,
        "user": [
            "taedori@outlook.com"
        ],
        "content_json": "{\"search_description\": \"\", \"slug\": \"contact\", \"from_address\": \"redleopard81@hotmail.com\", \"latest_revision_created_at\": \"2015-07-10T23:20:18.572Z\", \"title\": \"Contact\", \"contact_image\": 29, \"contact_description\": \"Contact us if you have any question, recommendations or just for saying hello.\", \"first_published_at\": \"2015-07-03T18:29:59.676Z\", \"path\": \"000100010004\", \"numchild\": 0, \"thank_you_text\": \"<p>Thank you<br/></p>\", \"contact_header\": \"Contact us\", \"show_in_menus\": true, \"expired\": false, \"locked\": false, \"has_unpublished_changes\": false, \"form_fields\": [{\"field_type\": \"singleline\", \"default_value\": \"\", \"sort_order\": 0, \"pk\": null, \"label\": \"Name\", \"help_text\": \"\", \"page\": 11, \"required\": true, \"choices\": \"\"}, {\"field_type\": \"email\", \"default_value\": \"\", \"sort_order\": 1, \"pk\": null, \"label\": \"Email\", \"help_text\": \"\", \"page\": 11, \"required\": true, \"choices\": \"\"}, {\"field_type\": \"multiline\", \"default_value\": \"\", \"sort_order\": 2, \"pk\": null, \"label\": \"Message\", \"help_text\": \"\", \"page\": 11, \"required\": true, \"choices\": \"\"}], \"go_live_at\": null, \"to_address\": \"taedori@outlook.com\", \"owner\": 1, \"pk\": 11, \"seo_title\": \"\", \"contact_icon\": 19, \"content_type\": 35, \"depth\": 3, \"subject\": \"Contacting from website\", \"expire_at\": null, \"url_path\": \"/home/contact/\", \"live\": true}",
        "created_at": "2015-07-14T15:30:58.430Z"
    },
    "model": "wagtailcore.pagerevision",
    "pk": 41
},
{
    "fields": {
        "approved_go_live_at": null,
        "page": 11,
        "submitted_for_moderation": false,
        "user": [
            "taedori@outlook.com"
        ],
        "content_json": "{\"search_description\": \"\", \"slug\": \"contact\", \"from_address\": \"redleopard81@hotmail.com\", \"latest_revision_created_at\": \"2015-07-14T15:30:58.430Z\", \"title\": \"Contact\", \"contact_image\": 29, \"contact_description\": \"Contact us if you have any question, recommendations or just for saying hello.\", \"first_published_at\": \"2015-07-03T18:29:59.676Z\", \"path\": \"000100010004\", \"numchild\": 0, \"thank_you_text\": \"<p>Thank you<br/></p>\", \"contact_header\": \"Contact us\", \"show_in_menus\": true, \"expired\": false, \"locked\": false, \"has_unpublished_changes\": false, \"form_fields\": [{\"field_type\": \"singleline\", \"default_value\": \"\", \"sort_order\": 0, \"pk\": null, \"label\": \"Name\", \"help_text\": \"\", \"page\": 11, \"required\": true, \"choices\": \"\"}, {\"field_type\": \"email\", \"default_value\": \"\", \"sort_order\": 1, \"pk\": null, \"label\": \"Email\", \"help_text\": \"\", \"page\": 11, \"required\": true, \"choices\": \"\"}, {\"field_type\": \"multiline\", \"default_value\": \"\", \"sort_order\": 2, \"pk\": null, \"label\": \"Message\", \"help_text\": \"\", \"page\": 11, \"required\": true, \"choices\": \"\"}], \"go_live_at\": null, \"to_address\": \"taedori@outlook.com\", \"owner\": 1, \"pk\": 11, \"seo_title\": \"\", \"contact_icon\": 30, \"content_type\": 35, \"depth\": 3, \"subject\": \"Contacting from website\", \"expire_at\": null, \"url_path\": \"/home/contact/\", \"live\": true}",
        "created_at": "2015-07-14T16:17:14.542Z"
    },
    "model": "wagtailcore.pagerevision",
    "pk": 42
},
{
    "fields": {
        "approved_go_live_at": null,
        "page": 11,
        "submitted_for_moderation": false,
        "user": [
            "taedori@outlook.com"
        ],
        "content_json": "{\"search_description\": \"\", \"slug\": \"contact\", \"from_address\": \"redleopard81@hotmail.com\", \"latest_revision_created_at\": \"2015-07-14T16:17:14.542Z\", \"title\": \"Contact\", \"contact_image\": 29, \"contact_description\": \"Contact us if you have any question, recommendations or just for saying hello.\", \"first_published_at\": \"2015-07-03T18:29:59.676Z\", \"path\": \"000100010004\", \"numchild\": 0, \"thank_you_text\": \"<p>Thank you<br/></p>\", \"contact_header\": \"Contact us\", \"show_in_menus\": true, \"expired\": false, \"locked\": false, \"has_unpublished_changes\": false, \"form_fields\": [{\"field_type\": \"singleline\", \"default_value\": \"\", \"sort_order\": 0, \"pk\": null, \"label\": \"Name\", \"help_text\": \"\", \"page\": 11, \"required\": true, \"choices\": \"\"}, {\"field_type\": \"email\", \"default_value\": \"\", \"sort_order\": 1, \"pk\": null, \"label\": \"Email\", \"help_text\": \"\", \"page\": 11, \"required\": true, \"choices\": \"\"}, {\"field_type\": \"multiline\", \"default_value\": \"\", \"sort_order\": 2, \"pk\": null, \"label\": \"Message\", \"help_text\": \"\", \"page\": 11, \"required\": true, \"choices\": \"\"}], \"go_live_at\": null, \"to_address\": \"taedori@outlook.com\", \"owner\": 1, \"pk\": 11, \"seo_title\": \"\", \"contact_icon\": 31, \"content_type\": 35, \"depth\": 3, \"subject\": \"Contacting from website\", \"expire_at\": null, \"url_path\": \"/home/contact/\", \"live\": true}",
        "created_at": "2015-07-14T16:21:18.714Z"
    },
    "model": "wagtailcore.pagerevision",
    "pk": 43
},
{
    "fields": {
        "approved_go_live_at": null,
        "page": 9,
        "submitted_for_moderation": false,
        "user": [
            "taedori@outlook.com"
        ],
        "content_json": "{\"search_description\": \"\", \"slug\": \"specials\", \"latest_revision_created_at\": \"2015-07-04T00:10:29.137Z\", \"title\": \"Specials\", \"main_sub_header\": \"Limited Time Offer\", \"main_header_2\": \"Offer\", \"first_published_at\": \"2015-07-03T18:28:13.741Z\", \"path\": \"000100010002\", \"numchild\": 0, \"show_in_menus\": true, \"expired\": false, \"locked\": false, \"has_unpublished_changes\": false, \"main_header_1\": \"Special\", \"go_live_at\": null, \"owner\": 1, \"pk\": 9, \"seo_title\": \"\", \"main_image\": 32, \"content_type\": 33, \"depth\": 3, \"expire_at\": null, \"url_path\": \"/home/specials/\", \"live\": true}",
        "created_at": "2015-07-14T16:44:44.017Z"
    },
    "model": "wagtailcore.pagerevision",
    "pk": 44
},
{
    "fields": {
        "approved_go_live_at": null,
        "page": 9,
        "submitted_for_moderation": false,
        "user": [
            "taedori@outlook.com"
        ],
        "content_json": "{\"search_description\": \"\", \"slug\": \"specials\", \"latest_revision_created_at\": \"2015-07-14T16:44:44.017Z\", \"title\": \"Specials\", \"main_sub_header\": \"Limited Time Offer\", \"main_header_2\": \"Offer\", \"first_published_at\": \"2015-07-03T18:28:13.741Z\", \"path\": \"000100010002\", \"numchild\": 0, \"show_in_menus\": true, \"expired\": false, \"locked\": false, \"has_unpublished_changes\": false, \"main_header_1\": \"Special\", \"go_live_at\": null, \"owner\": 1, \"pk\": 9, \"seo_title\": \"\", \"main_image\": 33, \"content_type\": 33, \"depth\": 3, \"expire_at\": null, \"url_path\": \"/home/specials/\", \"live\": true}",
        "created_at": "2015-07-14T17:00:44.843Z"
    },
    "model": "wagtailcore.pagerevision",
    "pk": 45
},
{
    "fields": {
        "approved_go_live_at": null,
        "page": 11,
        "submitted_for_moderation": false,
        "user": [
            "taedori@outlook.com"
        ],
        "content_json": "{\"content_type\": 35, \"path\": \"000100010004\", \"owner\": 1, \"depth\": 3, \"from_address\": \"\", \"slug\": \"contact\", \"title\": \"Contact\", \"live\": true, \"contact_description\": \"Contact us if you have any question, recommendations or just for saying hello.\", \"numchild\": 0, \"has_unpublished_changes\": false, \"seo_title\": \"\", \"to_address\": \"builtbyevo@gmail.com\", \"locked\": false, \"pk\": 11, \"contact_image\": 29, \"contact_header\": \"Contact us\", \"first_published_at\": \"2015-07-03T18:29:59.676Z\", \"form_fields\": [{\"sort_order\": 0, \"label\": \"Name\", \"pk\": null, \"required\": true, \"field_type\": \"singleline\", \"page\": 11, \"default_value\": \"\", \"choices\": \"\", \"help_text\": \"\"}, {\"sort_order\": 1, \"label\": \"Email\", \"pk\": null, \"required\": true, \"field_type\": \"email\", \"page\": 11, \"default_value\": \"\", \"choices\": \"\", \"help_text\": \"\"}, {\"sort_order\": 2, \"label\": \"Message\", \"pk\": null, \"required\": true, \"field_type\": \"multiline\", \"page\": 11, \"default_value\": \"\", \"choices\": \"\", \"help_text\": \"\"}], \"contact_icon\": 31, \"expired\": false, \"expire_at\": null, \"search_description\": \"\", \"subject\": \"Contacting from website\", \"thank_you_text\": \"<p>Thank you<br/></p>\", \"latest_revision_created_at\": \"2015-07-14T16:21:18.714Z\", \"go_live_at\": null, \"show_in_menus\": true, \"url_path\": \"/home/contact/\"}",
        "created_at": "2015-07-14T21:28:35.025Z"
    },
    "model": "wagtailcore.pagerevision",
    "pk": 46
},
{
    "fields": {
        "expired": false,
        "go_live_at": null,
        "numchild": 1,
        "expire_at": null,
        "title": "Root",
        "seo_title": "",
        "locked": false,
        "live": true,
        "latest_revision_created_at": null,
        "owner": null,
        "path": "0001",
        "search_description": "",
        "url_path": "/",
        "show_in_menus": false,
        "content_type": [
            "wagtailcore",
            "page"
        ],
        "has_unpublished_changes": false,
        "slug": "root",
        "first_published_at": null,
        "depth": 1
    },
    "model": "wagtailcore.page",
    "pk": 1
},
{
    "fields": {
        "expired": false,
        "go_live_at": null,
        "numchild": 4,
        "expire_at": null,
        "title": "Homepage",
        "seo_title": "Home",
        "locked": false,
        "live": true,
        "latest_revision_created_at": "2015-07-13T15:26:20.384Z",
        "owner": null,
        "path": "00010001",
        "search_description": "",
        "url_path": "/home/",
        "show_in_menus": true,
        "content_type": [
            "home",
            "homepage"
        ],
        "has_unpublished_changes": false,
        "slug": "home",
        "first_published_at": "2015-07-03T17:01:28.384Z",
        "depth": 2
    },
    "model": "wagtailcore.page",
    "pk": 3
},
{
    "fields": {
        "expired": false,
        "go_live_at": null,
        "numchild": 0,
        "expire_at": null,
        "title": "Services",
        "seo_title": "",
        "locked": false,
        "live": true,
        "latest_revision_created_at": "2015-07-13T19:01:54.607Z",
        "owner": [
            "taedori@outlook.com"
        ],
        "path": "000100010001",
        "search_description": "",
        "url_path": "/home/services/",
        "show_in_menus": true,
        "content_type": [
            "home",
            "servicespage"
        ],
        "has_unpublished_changes": false,
        "slug": "services",
        "first_published_at": "2015-07-03T18:27:08.854Z",
        "depth": 3
    },
    "model": "wagtailcore.page",
    "pk": 8
},
{
    "fields": {
        "expired": false,
        "go_live_at": null,
        "numchild": 0,
        "expire_at": null,
        "title": "Specials",
        "seo_title": "",
        "locked": false,
        "live": true,
        "latest_revision_created_at": "2015-07-14T17:00:44.843Z",
        "owner": [
            "taedori@outlook.com"
        ],
        "path": "000100010002",
        "search_description": "",
        "url_path": "/home/specials/",
        "show_in_menus": true,
        "content_type": [
            "home",
            "specialofferpage"
        ],
        "has_unpublished_changes": false,
        "slug": "specials",
        "first_published_at": "2015-07-03T18:28:13.741Z",
        "depth": 3
    },
    "model": "wagtailcore.page",
    "pk": 9
},
{
    "fields": {
        "expired": false,
        "go_live_at": null,
        "numchild": 0,
        "expire_at": null,
        "title": "Team",
        "seo_title": "",
        "locked": false,
        "live": true,
        "latest_revision_created_at": "2015-07-04T00:51:55.731Z",
        "owner": [
            "taedori@outlook.com"
        ],
        "path": "000100010003",
        "search_description": "",
        "url_path": "/home/team/",
        "show_in_menus": true,
        "content_type": [
            "home",
            "teampage"
        ],
        "has_unpublished_changes": false,
        "slug": "team",
        "first_published_at": "2015-07-03T18:29:47.068Z",
        "depth": 3
    },
    "model": "wagtailcore.page",
    "pk": 10
},
{
    "fields": {
        "expired": false,
        "go_live_at": null,
        "numchild": 0,
        "expire_at": null,
        "title": "Contact",
        "seo_title": "",
        "locked": false,
        "live": true,
        "latest_revision_created_at": "2015-07-14T21:28:35.025Z",
        "owner": [
            "taedori@outlook.com"
        ],
        "path": "000100010004",
        "search_description": "",
        "url_path": "/home/contact/",
        "show_in_menus": true,
        "content_type": [
            "home",
            "contactpage"
        ],
        "has_unpublished_changes": false,
        "slug": "contact",
        "first_published_at": "2015-07-03T18:29:59.676Z",
        "depth": 3
    },
    "model": "wagtailcore.page",
    "pk": 11
}
]
